reservation_id,customer_id,reservation_time,party_size,table_id,special_requests
1,238,"2024-03-12 23:34:24",5,4,NULL
2,176,"2024-07-20 08:23:25",6,14,"Special request 2"
3,356,"2024-09-30 23:54:31",6,13,NULL
4,127,"2024-03-12 10:46:47",3,8,NULL
5,6,"2024-04-26 10:51:13",5,13,NULL
6,294,"2024-01-10 21:59:18",4,12,NULL
7,290,"2024-07-17 12:02:00",8,5,NULL
8,189,"2024-07-23 22:30:13",6,11,NULL
9,30,"2024-01-08 05:10:50",8,9,NULL
10,57,"2024-09-20 13:25:57",3,3,"Special request 10"
11,70,"2024-04-07 02:44:25",8,12,"Special request 11"
12,134,"2024-12-24 10:19:43",2,10,NULL
13,398,"2024-10-18 01:10:50",6,10,"Special request 13"
14,232,"2024-07-12 23:56:52",3,12,NULL
15,314,"2024-03-12 20:34:01",2,14,"Special request 15"
16,304,"2024-03-23 13:31:18",4,13,NULL
17,201,"2024-10-21 19:21:27",7,12,"Special request 17"
18,15,"2024-05-16 18:55:15",7,13,NULL
19,450,"2024-07-03 21:02:21",7,10,NULL
20,50,"2024-01-14 11:30:04",8,5,NULL
21,429,"2024-05-21 20:09:15",4,11,"Special request 21"
22,209,"2024-03-19 05:02:10",7,7,NULL
23,299,"2024-08-15 11:30:24",4,12,NULL
24,243,"2024-03-13 05:12:40",5,2,NULL
25,380,"2024-05-22 18:55:13",6,4,"Special request 25"
26,427,"2024-12-10 01:46:39",3,14,"Special request 26"
27,97,"2024-05-16 16:27:37",4,6,NULL
28,81,"2024-04-16 15:33:33",8,1,"Special request 28"
29,226,"2024-12-22 14:20:29",5,11,"Special request 29"
30,18,"2024-01-16 21:16:50",2,7,NULL
31,430,"2024-10-16 16:24:09",4,9,NULL
32,37,"2024-01-23 14:55:10",2,4,"Special request 32"
33,162,"2024-07-22 21:04:43",7,7,NULL
34,209,"2024-10-30 10:00:20",8,1,NULL
35,192,"2024-05-27 12:23:33",8,3,"Special request 35"
36,44,"2024-02-16 08:00:59",4,8,"Special request 36"
37,489,"2024-01-12 05:12:59",3,1,NULL
38,199,"2024-06-25 10:40:06",3,11,NULL
39,271,"2024-07-23 20:33:31",3,4,NULL
40,112,"2024-05-17 12:11:14",3,15,"Special request 40"
41,250,"2024-04-18 21:01:31",8,2,NULL
42,476,"2024-06-06 19:21:48",4,4,"Special request 42"
43,302,"2024-03-24 04:09:16",4,15,NULL
44,158,"2024-01-19 07:09:36",4,6,NULL
45,231,"2024-07-28 00:08:33",5,11,NULL
46,440,"2024-06-06 06:39:59",5,5,NULL
47,429,"2024-06-05 06:41:52",5,9,"Special request 47"
48,414,"2024-10-30 03:51:39",6,13,"Special request 48"
49,387,"2024-01-22 11:37:39",8,11,NULL
50,486,"2024-12-27 12:50:47",2,4,"Special request 50"
51,287,"2024-09-10 19:16:46",7,11,"Special request 51"
52,71,"2024-12-12 20:02:37",4,12,NULL
53,256,"2024-08-15 16:04:04",6,1,NULL
54,161,"2024-02-16 13:49:36",6,15,NULL
55,229,"2024-08-24 02:31:35",8,6,NULL
56,205,"2024-02-12 06:54:13",4,7,NULL
57,368,"2024-09-12 17:29:10",4,6,NULL
58,426,"2024-04-08 18:48:07",7,3,NULL
59,439,"2024-12-09 12:05:59",2,9,NULL
60,112,"2024-05-14 06:46:49",3,12,"Special request 60"
61,467,"2024-12-16 05:09:44",8,2,NULL
62,141,"2024-11-07 15:13:57",4,9,NULL
63,94,"2024-03-09 22:11:41",4,6,NULL
64,104,"2024-01-22 20:03:20",6,3,NULL
65,127,"2024-05-08 21:14:17",2,15,NULL
66,189,"2024-04-19 05:07:32",4,15,NULL
67,25,"2024-07-14 23:51:46",5,2,NULL
68,256,"2024-04-27 16:36:23",2,7,NULL
69,78,"2024-02-14 00:18:40",2,5,"Special request 69"
70,10,"2024-07-03 23:50:48",5,13,NULL
71,389,"2024-04-10 10:46:41",2,6,NULL
72,416,"2024-10-05 23:34:47",4,6,NULL
73,381,"2024-07-09 01:31:43",4,1,"Special request 73"
74,500,"2024-05-01 05:13:23",6,5,NULL
75,10,"2024-04-25 13:02:27",5,11,NULL
76,458,"2024-03-21 14:36:33",4,2,NULL
77,141,"2024-10-27 20:16:58",3,14,NULL
78,423,"2024-01-29 15:27:16",8,1,NULL
79,271,"2024-06-18 11:01:00",6,2,NULL
80,284,"2024-09-23 14:39:01",8,9,NULL
81,45,"2024-07-30 20:31:55",6,7,"Special request 81"
82,48,"2024-08-18 13:06:17",8,7,NULL
83,75,"2024-08-12 12:50:20",6,5,NULL
84,187,"2024-11-17 09:16:49",3,12,"Special request 84"
85,441,"2024-04-08 08:58:41",6,11,NULL
86,215,"2024-07-28 19:59:14",6,4,NULL
87,437,"2024-06-17 11:51:19",6,1,"Special request 87"
88,374,"2024-03-15 06:20:20",7,4,NULL
89,92,"2024-12-06 13:37:06",2,12,NULL
90,138,"2024-10-27 19:11:06",4,15,"Special request 90"
91,206,"2024-10-28 05:14:32",8,15,"Special request 91"
92,179,"2024-12-28 22:37:07",8,8,NULL
93,372,"2024-02-24 01:07:35",5,2,"Special request 93"
94,500,"2024-10-11 05:44:59",8,2,NULL
95,262,"2024-08-27 23:31:48",7,10,"Special request 95"
96,56,"2024-07-19 22:13:28",4,7,NULL
97,203,"2024-03-11 15:49:59",7,3,NULL
98,260,"2024-10-10 01:54:02",4,5,NULL
99,114,"2024-11-27 12:28:41",8,9,"Special request 99"
100,303,"2024-03-29 15:35:21",4,4,"Special request 100"
101,387,"2024-07-12 18:20:20",4,2,NULL
102,427,"2024-01-01 06:09:01",5,4,NULL
103,26,"2024-01-14 07:50:56",2,1,"Special request 103"
104,316,"2024-09-07 03:17:27",5,10,NULL
105,234,"2024-12-14 19:04:20",4,1,NULL
106,273,"2024-12-24 20:27:50",3,7,NULL
107,429,"2024-12-11 14:09:50",3,15,NULL
108,478,"2024-08-27 07:23:07",4,2,"Special request 108"
109,357,"2024-12-26 12:07:48",7,1,NULL
110,268,"2024-07-07 17:24:19",8,6,NULL
111,394,"2024-08-24 21:42:39",8,8,NULL
112,203,"2024-09-16 02:37:33",4,8,NULL
113,332,"2024-05-13 13:47:56",7,2,NULL
114,327,"2024-04-14 11:39:16",5,8,"Special request 114"
115,72,"2024-04-22 13:53:39",2,10,NULL
116,197,"2024-05-18 22:20:38",7,7,"Special request 116"
117,196,"2024-06-25 13:27:02",3,12,"Special request 117"
118,252,"2024-01-02 10:41:45",5,9,"Special request 118"
119,192,"2024-04-18 04:27:53",4,12,NULL
120,95,"2024-03-24 02:46:37",5,3,"Special request 120"
121,17,"2024-11-07 11:26:15",3,5,NULL
122,304,"2024-05-15 20:07:25",2,2,"Special request 122"
123,35,"2024-07-26 23:40:43",6,8,NULL
124,177,"2024-01-22 12:22:08",3,15,"Special request 124"
125,121,"2024-06-23 10:45:46",6,14,NULL
126,33,"2024-08-21 05:52:54",2,2,NULL
127,476,"2024-06-04 12:48:01",3,2,NULL
128,26,"2024-03-29 03:31:49",2,9,NULL
129,259,"2024-08-30 09:10:08",7,13,NULL
130,61,"2024-10-20 18:50:45",6,14,NULL
131,440,"2024-11-05 09:54:22",6,7,NULL
132,23,"2024-10-11 00:18:40",7,7,NULL
133,150,"2024-09-23 20:02:01",7,9,NULL
134,329,"2024-03-22 02:32:24",3,1,NULL
135,455,"2024-02-10 07:01:19",7,13,NULL
136,146,"2024-10-29 20:36:48",3,14,NULL
137,304,"2024-01-21 18:45:01",5,3,"Special request 137"
138,22,"2024-05-07 16:19:35",6,1,NULL
139,320,"2024-02-18 13:30:14",7,6,NULL
140,283,"2024-03-29 15:28:30",5,14,NULL
141,236,"2024-11-21 08:43:18",2,9,NULL
142,274,"2024-10-22 08:36:26",4,9,NULL
143,411,"2024-12-16 16:45:10",4,13,"Special request 143"
144,483,"2024-07-26 11:10:23",8,1,"Special request 144"
145,177,"2024-11-28 01:39:14",5,11,"Special request 145"
146,215,"2024-10-19 12:53:16",7,3,NULL
147,140,"2024-02-04 08:11:45",6,14,NULL
148,72,"2024-01-08 05:34:53",6,5,NULL
149,169,"2024-05-13 01:26:37",7,15,NULL
150,387,"2024-11-22 05:42:03",3,1,NULL
151,32,"2024-10-08 18:25:44",6,1,"Special request 151"
152,401,"2024-06-15 21:39:51",8,1,NULL
153,244,"2024-11-17 21:03:24",8,2,NULL
154,71,"2024-08-14 18:30:26",6,9,NULL
155,37,"2024-02-11 06:03:50",4,6,NULL
156,140,"2024-09-24 07:26:53",7,15,"Special request 156"
157,143,"2024-10-05 08:45:34",8,8,NULL
158,277,"2024-12-07 22:45:31",2,5,NULL
159,423,"2024-07-10 00:57:07",2,13,NULL
160,122,"2024-05-10 02:08:24",2,4,NULL
161,305,"2024-07-07 21:30:20",7,4,NULL
162,68,"2024-09-27 01:06:45",4,4,NULL
163,66,"2024-07-10 15:26:16",3,9,"Special request 163"
164,126,"2024-08-30 12:58:32",5,13,NULL
165,123,"2024-07-17 04:02:11",8,4,NULL
166,48,"2024-05-05 16:58:13",5,3,NULL
167,449,"2024-01-24 02:45:00",6,15,NULL
168,115,"2024-09-19 05:08:42",8,6,"Special request 168"
169,379,"2024-03-30 09:07:20",8,1,NULL
170,261,"2024-08-15 13:35:27",5,14,NULL
171,266,"2024-02-10 22:28:40",8,8,NULL
172,277,"2024-12-03 20:31:00",8,2,NULL
173,44,"2024-01-19 08:30:45",8,12,"Special request 173"
174,327,"2024-03-30 11:04:29",3,9,"Special request 174"
175,473,"2024-04-20 11:01:35",6,8,NULL
176,191,"2024-10-25 13:24:48",8,4,NULL
177,347,"2024-12-18 17:44:08",7,14,"Special request 177"
178,8,"2024-09-07 05:07:13",4,13,"Special request 178"
179,458,"2024-04-19 03:18:36",7,13,"Special request 179"
180,366,"2024-06-15 14:21:07",2,2,"Special request 180"
181,312,"2024-07-30 13:18:38",2,6,NULL
182,173,"2024-12-30 18:14:44",8,13,"Special request 182"
183,280,"2024-03-09 14:03:20",3,12,NULL
184,212,"2024-04-27 02:55:20",4,11,NULL
185,449,"2024-08-21 07:05:56",5,10,NULL
186,444,"2024-10-17 17:24:07",4,4,"Special request 186"
187,108,"2024-07-12 15:22:22",2,7,"Special request 187"
188,361,"2024-12-19 14:44:48",6,8,NULL
189,337,"2024-01-27 16:10:35",4,8,NULL
190,487,"2024-05-15 21:14:13",8,9,"Special request 190"
191,366,"2024-05-13 10:07:08",6,2,NULL
192,120,"2024-09-13 21:27:23",7,14,"Special request 192"
193,471,"2024-04-22 05:49:05",6,10,"Special request 193"
194,171,"2024-07-21 08:24:07",7,2,"Special request 194"
195,243,"2024-12-27 11:25:38",5,8,"Special request 195"
196,45,"2024-01-17 05:56:22",8,10,NULL
197,405,"2024-01-02 08:28:36",6,15,NULL
198,449,"2024-08-25 20:14:04",5,14,NULL
199,320,"2024-03-30 18:18:49",4,13,"Special request 199"
200,307,"2024-05-24 16:12:13",3,8,"Special request 200"
201,255,"2024-11-19 10:34:30",8,13,NULL
202,146,"2024-09-25 21:01:36",7,13,NULL
203,268,"2024-03-22 05:11:06",5,14,NULL
204,269,"2024-03-12 18:45:50",4,5,"Special request 204"
205,170,"2024-01-03 17:18:16",2,2,NULL
206,222,"2024-03-16 13:07:25",6,14,NULL
207,172,"2024-06-24 08:37:14",4,7,NULL
208,331,"2024-05-06 22:47:32",7,12,NULL
209,71,"2024-04-08 12:11:28",8,13,NULL
210,50,"2024-07-24 12:00:16",5,14,NULL
211,80,"2024-11-11 08:31:39",7,10,NULL
212,150,"2024-07-26 13:33:42",8,1,NULL
213,285,"2024-11-03 03:39:51",5,15,NULL
214,408,"2024-01-17 21:40:23",7,12,NULL
215,254,"2024-10-25 21:57:53",6,7,NULL
216,162,"2024-09-09 11:50:33",5,6,NULL
217,458,"2024-05-06 10:50:56",8,14,NULL
218,62,"2024-11-26 21:04:14",3,2,"Special request 218"
219,399,"2024-12-03 03:21:12",3,6,"Special request 219"
220,248,"2024-02-17 18:23:04",3,7,NULL
221,297,"2024-07-28 22:48:46",2,12,NULL
222,230,"2024-08-17 21:59:39",7,15,NULL
223,13,"2024-05-03 18:20:43",6,2,NULL
224,276,"2024-01-28 19:11:01",7,6,NULL
225,439,"2024-12-10 06:24:14",2,9,NULL
226,384,"2024-09-15 08:26:07",3,2,NULL
227,472,"2024-10-28 14:20:33",4,1,"Special request 227"
228,50,"2024-10-14 01:51:18",6,13,"Special request 228"
229,180,"2024-04-25 19:33:36",5,9,NULL
230,224,"2024-11-23 08:33:09",2,1,NULL
231,184,"2024-10-09 14:26:49",7,8,NULL
232,4,"2024-01-31 07:26:56",4,11,NULL
233,76,"2024-05-05 12:59:01",3,5,NULL
234,445,"2024-02-22 13:25:16",2,13,"Special request 234"
235,287,"2024-10-25 09:26:12",4,6,NULL
236,40,"2024-11-04 02:05:22",8,6,NULL
237,323,"2024-05-08 21:17:33",7,2,NULL
238,261,"2024-09-25 11:16:32",2,6,NULL
239,39,"2024-02-08 09:53:42",4,3,NULL
240,21,"2024-06-28 23:27:50",4,4,"Special request 240"
241,135,"2024-09-24 21:07:21",8,2,"Special request 241"
242,379,"2024-09-15 14:38:20",3,4,NULL
243,470,"2024-09-21 19:55:55",7,14,NULL
244,477,"2024-01-13 18:59:56",4,7,NULL
245,252,"2024-05-18 20:18:00",4,13,NULL
246,28,"2024-07-28 06:24:58",6,12,NULL
247,485,"2024-03-25 19:21:10",3,9,"Special request 247"
248,366,"2024-05-22 10:51:37",7,10,NULL
249,174,"2024-03-15 12:46:16",8,5,NULL
250,281,"2024-05-08 22:49:41",2,6,NULL
251,427,"2024-06-25 16:39:36",8,13,NULL
252,40,"2024-03-09 18:48:51",6,15,NULL
253,349,"2024-04-29 14:56:39",5,12,"Special request 253"
254,86,"2024-08-11 23:09:25",5,15,"Special request 254"
255,150,"2024-06-03 21:47:01",3,13,NULL
256,278,"2024-11-21 08:08:08",7,5,"Special request 256"
257,171,"2024-08-05 11:02:48",8,15,"Special request 257"
258,131,"2024-03-07 13:23:36",2,2,"Special request 258"
259,157,"2024-03-11 07:20:58",2,9,NULL
260,271,"2024-10-20 02:09:35",4,9,NULL
261,252,"2024-08-06 08:06:00",5,10,NULL
262,102,"2024-03-12 23:14:44",4,5,NULL
263,340,"2024-06-21 15:17:19",4,4,"Special request 263"
264,400,"2024-09-23 06:26:26",3,2,NULL
265,388,"2024-01-31 01:15:43",2,3,NULL
266,423,"2024-03-05 08:56:52",4,4,"Special request 266"
267,218,"2024-02-17 03:50:40",4,5,NULL
268,59,"2024-09-20 16:43:06",3,2,NULL
269,485,"2024-03-23 13:44:21",3,7,NULL
270,289,"2024-02-16 03:23:35",8,2,NULL
271,11,"2024-06-27 10:46:11",4,7,"Special request 271"
272,455,"2024-05-29 13:28:38",4,6,NULL
273,352,"2024-08-03 06:12:22",7,7,NULL
274,35,"2024-04-22 23:39:47",4,12,NULL
275,486,"2024-04-11 11:25:17",5,9,"Special request 275"
276,367,"2024-11-07 08:48:52",2,12,NULL
277,82,"2024-09-15 02:24:33",2,2,NULL
278,17,"2024-09-17 20:02:57",5,4,NULL
279,53,"2024-03-24 19:27:50",7,8,NULL
280,81,"2024-01-14 05:48:40",6,6,NULL
281,409,"2024-09-18 02:22:02",2,8,"Special request 281"
282,454,"2024-04-22 15:58:01",7,3,NULL
283,271,"2024-06-18 08:27:11",6,2,NULL
284,357,"2024-05-11 20:49:58",6,4,"Special request 284"
285,180,"2024-02-22 18:48:19",6,12,"Special request 285"
286,357,"2024-07-05 20:02:37",4,9,NULL
287,173,"2024-11-16 11:19:07",4,3,NULL
288,471,"2024-09-01 16:46:21",5,10,NULL
289,28,"2024-06-30 05:32:41",4,2,NULL
290,210,"2024-06-17 23:21:36",2,14,NULL
291,25,"2024-03-07 13:06:16",7,5,"Special request 291"
292,380,"2024-06-03 21:15:26",7,15,"Special request 292"
293,244,"2024-08-08 18:28:29",5,1,NULL
294,417,"2024-01-14 05:14:55",6,5,NULL
295,296,"2024-06-09 12:41:52",4,13,NULL
296,225,"2024-11-29 06:31:33",3,6,"Special request 296"
297,337,"2024-11-28 12:24:11",5,15,"Special request 297"
298,312,"2024-11-08 05:12:41",4,7,"Special request 298"
299,64,"2024-04-28 17:19:54",3,4,NULL
300,335,"2024-11-27 10:11:54",5,15,"Special request 300"
301,361,"2024-04-12 07:24:14",3,6,NULL
302,478,"2024-10-15 19:05:01",2,2,"Special request 302"
303,122,"2024-12-07 21:31:08",8,15,NULL
304,37,"2024-05-15 07:30:23",6,1,NULL
305,329,"2024-03-11 11:19:12",8,7,"Special request 305"
306,481,"2024-09-11 17:35:23",6,15,NULL
307,316,"2024-06-25 10:25:31",5,3,"Special request 307"
308,305,"2024-05-25 15:35:21",3,10,NULL
309,328,"2024-02-14 13:09:23",6,13,NULL
310,115,"2024-01-21 17:55:32",6,13,NULL
311,123,"2024-03-07 11:41:33",3,6,"Special request 311"
312,442,"2024-11-13 02:50:40",6,13,"Special request 312"
313,296,"2024-03-29 10:58:15",5,8,"Special request 313"
314,455,"2024-05-04 11:14:01",8,13,NULL
315,119,"2024-02-05 08:12:03",7,9,NULL
316,68,"2024-12-14 07:01:25",4,15,NULL
317,305,"2024-12-14 15:23:49",8,14,NULL
318,69,"2024-01-07 04:19:02",6,5,NULL
319,460,"2024-11-11 11:08:20",5,4,NULL
320,426,"2024-09-14 21:04:36",8,12,NULL
321,192,"2024-02-02 13:45:34",4,4,"Special request 321"
322,153,"2024-12-12 06:08:11",7,5,"Special request 322"
323,174,"2024-07-25 19:56:10",7,5,NULL
324,22,"2024-04-20 03:02:17",4,15,NULL
325,83,"2024-05-01 20:59:30",3,14,NULL
326,384,"2024-03-10 08:53:12",6,10,NULL
327,431,"2024-03-11 15:25:48",4,6,NULL
328,16,"2024-04-16 08:11:21",4,15,NULL
329,276,"2024-09-14 01:51:07",8,4,NULL
330,464,"2024-01-28 22:00:33",6,12,"Special request 330"
331,484,"2024-08-30 22:13:28",4,3,NULL
332,336,"2024-02-07 01:23:30",5,3,NULL
333,105,"2024-01-10 12:47:30",5,7,NULL
334,481,"2024-11-07 02:07:53",4,6,NULL
335,341,"2024-10-16 12:01:07",8,4,NULL
336,208,"2024-10-16 01:57:09",7,4,NULL
337,415,"2024-06-20 07:51:38",8,14,NULL
338,469,"2024-11-22 08:32:51",6,10,"Special request 338"
339,421,"2024-10-09 17:53:21",4,7,"Special request 339"
340,57,"2024-04-29 22:07:13",4,9,NULL
341,177,"2024-05-17 08:51:04",7,15,NULL
342,166,"2024-04-13 00:30:07",4,4,NULL
343,81,"2024-11-11 06:01:34",7,9,NULL
344,162,"2024-05-16 07:07:19",8,6,"Special request 344"
345,222,"2024-11-27 16:57:55",3,6,"Special request 345"
346,82,"2024-09-19 13:50:22",2,6,NULL
347,288,"2024-04-05 19:07:48",6,3,NULL
348,226,"2024-04-24 14:26:53",3,3,"Special request 348"
349,71,"2024-05-04 06:48:34",3,6,"Special request 349"
350,2,"2024-12-11 05:27:12",7,12,NULL
351,423,"2024-05-09 05:29:43",3,2,NULL
352,116,"2024-05-22 12:58:10",3,2,NULL
353,341,"2024-12-25 11:01:56",8,7,NULL
354,472,"2024-09-17 17:28:20",7,9,NULL
355,222,"2024-04-25 03:10:11",3,5,NULL
356,4,"2024-09-04 21:58:18",4,13,"Special request 356"
357,329,"2024-03-14 06:37:37",2,9,NULL
358,302,"2024-01-24 20:00:04",5,6,NULL
359,483,"2024-07-12 03:49:58",7,3,NULL
360,253,"2024-09-16 01:46:49",2,1,"Special request 360"
361,277,"2024-05-06 15:09:26",2,5,NULL
362,51,"2024-04-01 12:43:29",8,1,"Special request 362"
363,24,"2024-07-29 14:16:17",7,15,NULL
364,328,"2024-02-05 06:41:44",5,5,NULL
365,421,"2024-05-12 00:32:14",3,6,NULL
366,49,"2024-01-11 05:57:28",7,3,"Special request 366"
367,318,"2024-07-08 17:43:15",6,14,NULL
368,338,"2024-12-04 18:46:54",6,5,NULL
369,52,"2024-09-24 21:29:18",4,10,NULL
370,494,"2024-01-17 11:42:46",3,3,"Special request 370"
371,70,"2024-04-11 07:14:56",8,1,"Special request 371"
372,389,"2024-05-23 22:19:28",6,1,"Special request 372"
373,366,"2024-03-11 15:32:30",7,5,"Special request 373"
374,293,"2024-09-02 03:33:14",6,15,"Special request 374"
375,412,"2024-08-19 01:44:15",6,9,NULL
376,209,"2024-07-29 19:46:04",6,8,NULL
377,337,"2024-02-14 07:54:01",6,9,"Special request 377"
378,411,"2024-10-12 09:58:59",5,14,"Special request 378"
379,303,"2024-11-17 13:52:06",6,5,NULL
380,102,"2024-07-05 06:30:45",8,3,"Special request 380"
381,499,"2024-08-24 20:20:57",3,5,NULL
382,55,"2024-02-11 16:59:56",3,14,NULL
383,393,"2024-11-11 16:56:55",8,4,NULL
384,394,"2024-01-12 13:01:28",7,14,"Special request 384"
385,257,"2024-06-17 21:00:38",7,8,"Special request 385"
386,120,"2024-10-03 10:18:23",2,2,"Special request 386"
387,433,"2024-08-24 16:38:48",6,5,NULL
388,294,"2024-06-19 18:03:18",6,8,NULL
389,61,"2024-06-12 02:27:24",8,1,NULL
390,190,"2024-06-07 04:36:05",2,13,"Special request 390"
391,499,"2024-09-05 22:46:30",4,1,NULL
392,363,"2024-09-16 03:30:27",4,12,NULL
393,322,"2024-06-29 23:49:29",5,5,NULL
394,407,"2024-11-17 17:25:52",8,3,"Special request 394"
395,269,"2024-08-18 01:59:40",5,13,NULL
396,10,"2024-08-06 02:45:22",8,13,NULL
397,477,"2024-03-30 04:59:13",4,2,NULL
398,233,"2024-04-14 14:30:33",2,6,NULL
399,402,"2024-04-29 05:52:19",3,3,"Special request 399"
400,444,"2024-03-27 23:54:31",5,14,"Special request 400"
401,232,"2024-03-03 22:49:05",5,13,NULL
402,180,"2024-06-21 07:25:04",3,1,"Special request 402"
403,388,"2024-05-28 20:47:58",6,6,NULL
404,466,"2024-11-13 05:21:54",5,3,"Special request 404"
405,127,"2024-10-27 03:24:30",4,5,NULL
406,96,"2024-09-16 03:58:02",8,12,NULL
407,7,"2024-06-28 08:08:58",4,10,NULL
408,171,"2024-03-09 16:43:58",8,1,NULL
409,324,"2024-03-19 20:59:14",2,1,NULL
410,442,"2024-01-02 10:26:37",4,13,"Special request 410"
411,71,"2024-04-15 09:05:33",2,4,"Special request 411"
412,422,"2024-11-21 01:57:30",8,15,NULL
413,435,"2024-07-12 07:43:51",2,10,NULL
414,468,"2024-10-22 07:30:24",3,12,"Special request 414"
415,98,"2024-09-06 02:05:43",7,2,"Special request 415"
416,406,"2024-12-23 19:07:51",5,7,NULL
417,1,"2024-01-23 13:12:32",4,6,NULL
418,41,"2024-12-03 02:51:39",4,2,NULL
419,470,"2024-04-26 02:23:44",7,14,"Special request 419"
420,248,"2024-09-24 06:42:26",3,11,NULL
421,256,"2024-10-21 23:43:33",5,2,"Special request 421"
422,425,"2024-02-19 06:24:01",2,4,NULL
423,105,"2024-09-13 03:37:53",8,5,NULL
424,191,"2024-05-01 09:22:26",5,10,NULL
425,356,"2024-01-07 08:37:58",8,11,NULL
426,318,"2024-11-18 16:00:24",5,15,"Special request 426"
427,407,"2024-09-10 08:44:34",2,2,"Special request 427"
428,90,"2024-01-20 06:17:43",7,8,"Special request 428"
429,275,"2024-02-29 09:37:51",3,6,"Special request 429"
430,481,"2024-03-22 04:12:47",3,8,NULL
431,448,"2024-06-28 10:28:06",7,7,NULL
432,114,"2024-01-28 17:19:49",6,4,"Special request 432"
433,118,"2024-07-26 03:04:47",2,15,NULL
434,80,"2024-07-26 19:50:05",4,3,NULL
435,274,"2024-12-12 20:31:35",2,11,"Special request 435"
436,500,"2024-04-24 17:11:41",6,14,NULL
437,332,"2024-08-28 22:52:40",4,9,NULL
438,21,"2024-05-04 22:47:17",6,14,NULL
439,86,"2024-07-07 21:25:40",2,13,NULL
440,481,"2024-02-24 04:56:19",8,13,NULL
441,436,"2024-04-17 14:12:11",8,7,NULL
442,236,"2024-09-12 21:50:17",2,6,NULL
443,317,"2024-07-11 08:15:23",7,2,"Special request 443"
444,79,"2024-11-27 07:59:56",2,10,NULL
445,367,"2024-11-23 00:41:27",3,11,NULL
446,326,"2024-12-19 11:41:08",8,8,NULL
447,172,"2024-10-02 04:46:30",7,7,"Special request 447"
448,385,"2024-10-08 04:07:23",5,7,NULL
449,45,"2024-01-11 01:49:33",8,5,NULL
450,96,"2024-07-11 11:30:55",2,11,NULL
451,50,"2024-02-14 05:59:53",4,3,"Special request 451"
452,275,"2024-09-03 01:26:34",7,9,NULL
453,17,"2024-11-21 23:00:14",4,3,NULL
454,443,"2024-05-31 04:42:46",4,13,NULL
455,196,"2024-12-27 17:59:33",7,15,NULL
456,36,"2024-03-16 02:08:10",7,8,NULL
457,29,"2024-08-09 03:17:17",8,8,NULL
458,308,"2024-08-23 11:05:37",4,15,NULL
459,348,"2024-04-20 12:48:29",5,4,NULL
460,473,"2024-11-30 20:30:58",7,1,NULL
461,386,"2024-08-04 05:17:36",6,7,NULL
462,189,"2024-11-01 14:47:27",2,12,NULL
463,390,"2024-01-28 10:36:25",2,15,NULL
464,245,"2024-06-06 03:45:16",6,3,NULL
465,371,"2024-10-24 08:43:43",7,13,NULL
466,442,"2024-01-18 10:49:31",6,12,"Special request 466"
467,316,"2024-07-19 22:54:11",8,10,NULL
468,139,"2024-06-15 23:47:37",5,14,"Special request 468"
469,171,"2024-01-16 10:49:33",3,13,NULL
470,200,"2024-04-06 10:37:21",2,13,NULL
471,59,"2024-06-12 06:11:21",8,2,NULL
472,283,"2024-07-13 20:20:28",8,5,NULL
473,205,"2024-09-15 11:37:18",4,7,"Special request 473"
474,458,"2024-11-02 07:41:12",5,12,NULL
475,287,"2024-10-12 18:12:10",3,10,NULL
476,452,"2024-11-03 21:38:03",5,1,NULL
477,253,"2024-01-06 07:44:52",5,12,"Special request 477"
478,461,"2024-07-10 03:16:33",7,11,NULL
479,263,"2024-11-08 21:34:02",6,15,NULL
480,451,"2024-03-15 07:58:41",4,15,NULL
481,159,"2024-01-26 23:12:06",4,13,NULL
482,15,"2024-06-12 04:11:54",3,6,NULL
483,161,"2024-02-13 03:01:28",6,12,"Special request 483"
484,369,"2024-08-22 09:33:36",8,2,NULL
485,255,"2024-07-06 22:28:34",2,11,NULL
486,351,"2024-06-01 13:41:09",8,11,NULL
487,191,"2024-06-06 13:21:52",2,12,NULL
488,470,"2024-02-16 19:20:34",7,11,"Special request 488"
489,384,"2024-04-02 11:33:54",8,2,NULL
490,104,"2024-07-25 22:44:36",3,6,"Special request 490"
491,47,"2024-09-21 16:33:37",4,9,NULL
492,123,"2024-11-10 12:27:22",5,5,NULL
493,167,"2024-10-12 21:04:50",8,4,NULL
494,216,"2024-11-13 11:21:20",2,11,"Special request 494"
495,27,"2024-08-12 11:13:55",8,11,NULL
496,142,"2024-09-26 08:10:27",7,15,NULL
497,19,"2024-12-27 16:15:04",7,4,NULL
498,445,"2024-04-04 00:29:51",6,5,NULL
499,449,"2024-02-28 01:21:13",2,1,NULL
500,170,"2024-01-07 04:20:51",2,5,"Special request 500"
501,211,"2024-04-29 12:16:05",4,14,"Special request 501"
502,367,"2024-11-02 23:19:29",2,8,NULL
503,168,"2024-12-08 07:20:12",6,9,NULL
504,478,"2024-12-02 18:08:11",7,15,NULL
505,82,"2024-12-20 08:57:13",4,14,NULL
506,215,"2024-11-09 15:51:56",2,8,NULL
507,167,"2024-08-10 10:21:21",2,7,NULL
508,65,"2024-01-17 20:11:54",7,2,NULL
509,60,"2024-12-21 12:29:53",5,10,NULL
510,372,"2024-06-24 15:01:42",3,7,NULL
511,119,"2024-01-13 02:12:49",5,3,NULL
512,437,"2024-12-09 21:43:02",2,10,NULL
513,232,"2024-09-13 07:24:08",2,8,"Special request 513"
514,244,"2024-10-23 01:42:15",6,9,NULL
515,69,"2024-10-23 19:23:45",6,13,"Special request 515"
516,299,"2024-04-26 19:13:54",7,2,NULL
517,336,"2024-05-27 13:55:48",2,13,"Special request 517"
518,106,"2024-08-16 10:01:05",5,10,NULL
519,443,"2024-10-20 16:04:19",4,7,NULL
520,368,"2024-09-04 08:14:12",3,14,NULL
521,366,"2024-01-10 11:57:49",8,9,"Special request 521"
522,21,"2024-09-17 21:11:21",5,2,"Special request 522"
523,240,"2024-12-05 03:21:43",3,4,NULL
524,166,"2024-10-24 02:27:37",2,15,NULL
525,219,"2024-11-01 04:17:05",8,13,NULL
526,341,"2024-06-16 10:48:46",3,14,NULL
527,353,"2024-07-05 03:59:46",5,10,NULL
528,248,"2024-11-01 03:21:49",6,15,NULL
529,328,"2024-02-28 06:54:32",7,11,NULL
530,323,"2024-05-25 13:49:22",2,2,NULL
531,144,"2024-06-24 14:12:09",5,5,NULL
532,113,"2024-08-30 22:08:08",6,4,NULL
533,482,"2024-10-08 15:25:05",8,8,NULL
534,449,"2024-06-01 11:03:24",4,11,NULL
535,490,"2024-08-08 10:42:55",2,10,NULL
536,73,"2024-05-05 14:31:54",3,6,"Special request 536"
537,104,"2024-10-26 14:50:38",5,15,"Special request 537"
538,304,"2024-03-01 04:09:01",2,8,NULL
539,255,"2024-09-09 19:11:12",8,10,"Special request 539"
540,116,"2024-07-11 04:28:50",8,2,NULL
541,385,"2024-05-05 02:47:23",4,1,NULL
542,124,"2024-08-28 02:39:57",5,12,"Special request 542"
543,248,"2024-01-06 14:45:27",6,14,NULL
544,7,"2024-11-01 00:07:32",2,3,NULL
545,425,"2024-10-25 07:31:30",5,4,NULL
546,125,"2024-06-15 05:20:50",5,5,NULL
547,279,"2024-02-13 10:55:41",8,4,NULL
548,341,"2024-12-10 11:52:21",6,9,NULL
549,47,"2024-03-16 01:02:29",7,2,NULL
550,312,"2024-11-27 19:31:10",6,10,"Special request 550"
551,57,"2024-12-05 02:42:40",4,12,NULL
552,5,"2024-06-25 00:17:53",4,7,"Special request 552"
553,199,"2024-07-07 21:18:18",4,7,NULL
554,309,"2024-02-18 08:53:57",7,10,NULL
555,125,"2024-09-19 05:34:54",7,1,NULL
556,389,"2024-07-02 22:46:23",3,7,NULL
557,243,"2024-10-09 02:26:28",4,11,NULL
558,484,"2024-07-14 11:25:12",7,5,"Special request 558"
559,231,"2024-02-16 03:37:44",3,14,NULL
560,220,"2024-05-12 09:55:22",5,6,NULL
561,77,"2024-05-15 02:57:58",4,13,"Special request 561"
562,412,"2024-11-21 20:21:24",8,5,NULL
563,221,"2024-10-28 01:40:00",7,8,"Special request 563"
564,234,"2024-09-18 08:15:39",3,12,"Special request 564"
565,436,"2024-09-04 20:12:38",7,13,NULL
566,150,"2024-07-24 11:30:20",8,14,NULL
567,451,"2024-05-11 12:09:10",2,6,NULL
568,177,"2024-08-18 09:49:58",2,10,NULL
569,369,"2024-07-22 06:55:43",6,4,NULL
570,11,"2024-02-11 06:38:43",5,3,NULL
571,41,"2024-06-18 06:51:31",2,15,NULL
572,272,"2024-08-14 06:16:21",5,8,NULL
573,262,"2024-08-22 01:34:21",6,4,NULL
574,35,"2024-03-31 03:53:34",2,6,NULL
575,118,"2024-07-10 08:09:30",8,1,NULL
576,322,"2024-03-13 00:13:55",2,11,"Special request 576"
577,143,"2024-08-11 16:02:10",3,4,NULL
578,332,"2024-12-03 05:13:32",6,6,NULL
579,374,"2024-10-26 19:18:03",8,13,NULL
580,406,"2024-01-13 07:17:44",7,9,NULL
581,314,"2024-02-15 23:21:20",7,6,NULL
582,322,"2024-08-03 13:08:43",2,6,NULL
583,28,"2024-06-10 10:33:19",2,14,NULL
584,489,"2024-11-21 15:18:36",5,15,"Special request 584"
585,228,"2024-06-15 01:45:18",8,3,"Special request 585"
586,72,"2024-04-27 20:41:19",3,15,"Special request 586"
587,143,"2024-09-22 17:49:17",7,12,NULL
588,361,"2024-06-03 19:43:13",8,8,NULL
589,368,"2024-09-23 13:30:42",5,1,NULL
590,69,"2024-02-18 18:04:13",3,14,NULL
591,359,"2024-07-19 18:53:56",6,6,NULL
592,385,"2024-12-10 13:12:40",4,4,NULL
593,60,"2024-09-07 14:28:07",2,5,NULL
594,444,"2024-04-28 11:31:39",8,13,NULL
595,100,"2024-12-12 23:46:57",3,14,"Special request 595"
596,478,"2024-05-05 22:25:53",8,4,NULL
597,406,"2024-11-25 19:52:01",2,11,NULL
598,194,"2024-01-09 21:24:20",8,11,NULL
599,256,"2024-05-07 10:10:45",3,1,NULL
600,27,"2024-01-05 21:04:40",8,8,NULL
601,226,"2024-11-17 08:53:24",2,9,NULL
602,195,"2024-06-09 23:08:33",2,13,"Special request 602"
603,213,"2024-07-08 07:36:24",4,1,"Special request 603"
604,448,"2024-11-19 04:44:23",7,1,"Special request 604"
605,15,"2024-01-13 07:02:49",2,5,"Special request 605"
606,234,"2024-07-05 03:05:44",3,4,NULL
607,177,"2024-12-23 22:05:37",7,5,NULL
608,202,"2024-06-22 12:16:41",3,7,NULL
609,370,"2024-11-20 21:56:50",3,8,NULL
610,296,"2024-06-29 13:08:41",6,1,NULL
611,308,"2024-04-18 15:58:27",6,5,NULL
612,310,"2024-12-04 16:06:49",7,2,"Special request 612"
613,10,"2024-04-04 14:24:37",3,7,NULL
614,292,"2024-10-25 12:14:58",4,4,"Special request 614"
615,87,"2024-04-29 22:44:02",2,10,NULL
616,153,"2024-12-25 04:24:18",2,1,"Special request 616"
617,154,"2024-08-21 13:31:38",3,8,NULL
618,135,"2024-09-21 18:50:37",7,15,"Special request 618"
619,115,"2024-07-11 03:50:00",8,3,NULL
620,490,"2024-04-02 19:34:50",4,14,NULL
621,359,"2024-02-23 14:17:38",6,7,NULL
622,254,"2024-10-16 05:54:33",5,13,NULL
623,375,"2024-03-10 10:57:11",6,15,NULL
624,209,"2024-02-11 08:33:11",4,4,NULL
625,380,"2024-11-18 18:46:37",3,2,NULL
626,274,"2024-11-10 10:01:34",6,12,NULL
627,303,"2024-09-12 02:18:06",6,5,NULL
628,308,"2024-07-16 23:03:32",8,11,NULL
629,415,"2024-02-23 20:53:52",3,13,NULL
630,88,"2024-11-25 21:38:42",8,4,"Special request 630"
631,313,"2024-04-19 16:50:12",6,4,"Special request 631"
632,353,"2024-09-05 14:53:10",4,7,"Special request 632"
633,435,"2024-08-30 10:19:32",7,9,NULL
634,47,"2024-02-29 21:19:55",5,4,NULL
635,180,"2024-08-13 11:58:00",2,4,NULL
636,131,"2024-05-22 11:46:48",3,10,NULL
637,10,"2024-09-09 19:58:56",4,15,NULL
638,68,"2024-11-08 19:37:33",8,13,NULL
639,418,"2024-10-19 20:55:13",5,2,"Special request 639"
640,55,"2024-04-06 00:45:51",8,3,NULL
641,130,"2024-02-04 04:12:20",6,3,NULL
642,145,"2024-03-03 17:54:15",8,7,NULL
643,73,"2024-10-22 19:13:53",6,11,NULL
644,204,"2024-08-02 16:08:49",7,13,"Special request 644"
645,260,"2024-07-31 15:55:04",4,1,"Special request 645"
646,290,"2024-06-21 19:40:38",6,11,NULL
647,193,"2024-10-19 04:24:10",7,13,NULL
648,364,"2024-09-07 09:03:38",3,3,"Special request 648"
649,300,"2024-04-11 06:48:45",6,2,NULL
650,413,"2024-08-09 23:12:04",5,1,NULL
651,362,"2024-07-22 22:38:35",6,7,NULL
652,365,"2024-05-18 17:12:20",6,7,NULL
653,267,"2024-10-16 04:33:26",4,7,"Special request 653"
654,54,"2024-04-16 21:26:10",2,13,NULL
655,61,"2024-06-08 07:13:15",7,12,NULL
656,117,"2024-08-01 18:14:45",3,7,NULL
657,170,"2024-10-08 06:26:28",7,14,NULL
658,283,"2024-04-27 03:12:52",8,9,"Special request 658"
659,178,"2024-02-04 08:43:16",4,12,NULL
660,255,"2024-11-18 11:13:11",8,12,"Special request 660"
661,8,"2024-03-30 06:14:43",3,3,"Special request 661"
662,492,"2024-01-10 05:56:22",3,13,NULL
663,45,"2024-12-10 19:29:32",5,7,NULL
664,369,"2024-04-05 20:15:06",2,11,"Special request 664"
665,165,"2024-10-02 07:15:39",7,10,NULL
666,237,"2024-09-18 04:53:22",3,10,NULL
667,75,"2024-04-07 00:15:44",8,10,NULL
668,25,"2024-02-18 14:58:08",5,3,NULL
669,211,"2024-11-27 07:49:27",3,10,NULL
670,198,"2024-07-19 07:35:09",5,3,"Special request 670"
671,407,"2024-11-30 00:26:17",2,15,"Special request 671"
672,334,"2024-06-09 03:21:38",3,10,NULL
673,175,"2024-10-07 02:49:47",7,10,NULL
674,314,"2024-05-14 21:55:00",8,11,NULL
675,299,"2024-09-15 07:46:51",7,10,NULL
676,160,"2024-02-04 07:25:49",5,5,NULL
677,340,"2024-08-31 21:32:39",4,8,NULL
678,259,"2024-10-08 20:25:50",4,4,"Special request 678"
679,231,"2024-08-11 12:11:49",6,9,NULL
680,474,"2024-07-28 18:35:32",2,7,"Special request 680"
681,127,"2024-12-01 04:12:00",7,6,NULL
682,129,"2024-10-24 21:41:20",4,2,NULL
683,354,"2024-09-17 10:54:21",5,2,"Special request 683"
684,271,"2024-03-10 16:07:03",4,2,NULL
685,60,"2024-02-25 03:42:27",4,9,NULL
686,394,"2024-07-01 16:27:35",2,4,NULL
687,240,"2024-07-13 01:46:20",3,8,NULL
688,428,"2024-08-24 06:55:04",6,7,"Special request 688"
689,93,"2024-08-28 05:23:32",7,11,"Special request 689"
690,127,"2024-06-17 09:03:43",5,6,"Special request 690"
691,405,"2024-07-01 08:44:31",2,13,"Special request 691"
692,409,"2024-11-07 12:35:41",7,8,"Special request 692"
693,478,"2024-06-28 13:29:07",6,8,NULL
694,422,"2024-03-24 06:44:00",6,6,"Special request 694"
695,125,"2024-01-01 07:25:35",3,5,NULL
696,289,"2024-10-21 06:15:36",4,2,NULL
697,262,"2024-12-05 13:30:46",2,10,NULL
698,300,"2024-04-20 02:50:05",6,10,"Special request 698"
699,331,"2024-12-06 10:08:18",6,10,"Special request 699"
700,145,"2024-05-14 09:48:55",8,12,NULL
701,10,"2024-07-09 14:27:09",5,4,NULL
702,199,"2024-10-03 20:44:57",6,11,NULL
703,53,"2024-12-09 21:37:37",4,3,NULL
704,215,"2024-05-31 02:09:11",7,10,NULL
705,456,"2024-08-12 08:57:41",4,13,"Special request 705"
706,279,"2024-02-15 23:31:27",8,7,"Special request 706"
707,408,"2024-06-07 00:58:48",7,5,NULL
708,408,"2024-01-18 01:26:25",7,12,NULL
709,359,"2024-09-21 14:55:40",5,3,NULL
710,447,"2024-01-02 21:04:22",4,11,NULL
711,309,"2024-05-31 23:22:27",3,14,NULL
712,358,"2024-11-21 04:34:43",4,14,NULL
713,334,"2024-12-12 17:57:02",7,14,"Special request 713"
714,362,"2024-09-28 20:47:24",5,9,"Special request 714"
715,292,"2024-10-14 23:58:12",3,10,NULL
716,336,"2024-10-31 16:12:42",3,5,"Special request 716"
717,164,"2024-06-26 15:57:17",5,12,NULL
718,405,"2024-02-14 10:16:17",3,9,"Special request 718"
719,72,"2024-04-03 17:59:50",7,8,NULL
720,228,"2024-04-10 02:34:43",2,4,"Special request 720"
721,332,"2024-02-17 06:36:25",6,14,NULL
722,387,"2024-05-24 23:06:01",6,3,NULL
723,44,"2024-05-01 20:03:54",4,1,NULL
724,261,"2024-11-03 06:56:08",6,11,NULL
725,449,"2024-09-02 02:33:33",6,5,NULL
726,465,"2024-12-02 01:57:37",7,5,"Special request 726"
727,449,"2024-12-15 13:57:16",2,10,NULL
728,145,"2024-12-10 18:59:00",7,7,NULL
729,454,"2024-08-06 10:03:17",3,9,NULL
730,488,"2024-02-08 18:05:36",6,11,NULL
731,352,"2024-03-12 05:00:27",8,12,"Special request 731"
732,356,"2024-12-16 13:50:16",6,7,"Special request 732"
733,15,"2024-04-21 18:24:09",5,5,"Special request 733"
734,478,"2024-04-05 21:30:04",5,7,NULL
735,83,"2024-02-12 02:44:24",2,2,"Special request 735"
736,168,"2024-05-05 17:19:50",7,9,NULL
737,183,"2024-01-07 09:04:02",8,14,NULL
738,466,"2024-01-27 19:30:28",6,10,NULL
739,490,"2024-02-09 02:59:41",6,11,NULL
740,10,"2024-04-03 13:32:13",3,6,"Special request 740"
741,123,"2024-01-20 15:38:39",5,8,NULL
742,212,"2024-02-15 10:15:52",4,6,NULL
743,113,"2024-06-29 11:02:39",7,8,"Special request 743"
744,36,"2024-01-05 20:34:29",7,4,NULL
745,9,"2024-06-26 16:26:46",4,7,"Special request 745"
746,1,"2024-10-22 10:41:39",2,12,NULL
747,417,"2024-08-17 17:49:14",6,6,NULL
748,134,"2024-09-18 22:58:15",7,12,NULL
749,234,"2024-08-22 08:11:51",7,2,"Special request 749"
750,206,"2024-08-06 06:04:35",7,1,NULL
751,315,"2024-12-19 11:11:52",8,13,NULL
752,346,"2024-02-02 16:49:58",4,9,NULL
753,239,"2024-10-29 03:39:50",6,1,"Special request 753"
754,384,"2024-04-03 18:23:02",8,3,NULL
755,323,"2024-10-03 18:33:17",7,1,NULL
756,143,"2024-01-16 05:25:33",4,10,"Special request 756"
757,482,"2024-04-07 14:48:04",5,7,NULL
758,493,"2024-05-04 17:45:29",7,12,NULL
759,434,"2024-02-05 12:58:27",8,2,NULL
760,251,"2024-07-29 14:20:05",4,3,NULL
761,173,"2024-05-19 15:18:17",8,4,NULL
762,82,"2024-01-31 11:46:36",8,6,"Special request 762"
763,267,"2024-04-01 19:58:52",6,9,NULL
764,114,"2024-10-20 18:57:45",4,5,NULL
765,255,"2024-02-05 02:57:35",8,8,NULL
766,92,"2024-05-05 22:20:55",3,13,NULL
767,75,"2024-07-07 13:22:55",2,2,"Special request 767"
768,383,"2024-02-21 04:01:16",4,9,NULL
769,59,"2024-03-28 15:41:44",7,8,"Special request 769"
770,328,"2024-02-25 22:18:23",7,9,NULL
771,459,"2024-08-29 00:34:47",5,12,"Special request 771"
772,336,"2024-10-06 19:18:40",7,13,NULL
773,194,"2024-04-02 23:32:48",2,12,NULL
774,444,"2024-06-18 15:14:39",6,14,NULL
775,144,"2024-08-10 11:57:34",3,2,NULL
776,203,"2024-03-14 16:15:42",7,6,NULL
777,100,"2024-08-10 08:21:34",5,7,NULL
778,278,"2024-06-24 02:57:15",7,4,NULL
779,55,"2024-08-28 22:26:27",8,14,NULL
780,461,"2024-01-20 06:46:20",5,6,"Special request 780"
781,132,"2024-07-08 00:31:51",7,7,NULL
782,459,"2024-01-08 01:49:26",4,11,NULL
783,384,"2024-10-01 17:38:54",5,1,NULL
784,500,"2024-07-09 04:46:34",6,8,NULL
785,248,"2024-09-14 20:51:32",2,2,NULL
786,486,"2024-06-12 14:51:02",4,5,NULL
787,418,"2024-07-09 12:10:11",2,15,NULL
788,117,"2024-12-04 14:11:42",8,14,NULL
789,465,"2024-06-13 04:49:14",5,15,NULL
790,145,"2024-02-18 13:16:43",7,9,NULL
791,65,"2024-11-21 07:01:40",2,11,"Special request 791"
792,483,"2024-03-19 11:35:24",3,4,NULL
793,484,"2024-08-04 03:59:57",2,8,NULL
794,254,"2024-04-19 10:59:14",8,15,"Special request 794"
795,45,"2024-05-31 18:54:42",7,12,NULL
796,223,"2024-07-08 01:16:03",3,11,NULL
797,49,"2024-12-04 10:27:12",4,14,NULL
798,167,"2024-10-14 15:18:05",8,6,NULL
799,283,"2024-01-21 13:49:41",6,12,"Special request 799"
800,481,"2024-08-26 22:50:32",4,15,NULL
801,37,"2024-12-04 20:21:21",4,5,NULL
802,319,"2024-03-26 18:53:08",3,10,"Special request 802"
803,295,"2024-01-31 14:01:25",6,1,"Special request 803"
804,170,"2024-06-24 16:09:47",4,8,NULL
805,167,"2024-07-20 09:20:02",7,3,NULL
806,310,"2024-11-16 00:24:35",5,1,NULL
807,155,"2024-02-22 16:31:43",7,8,"Special request 807"
808,366,"2024-11-12 16:31:43",3,2,"Special request 808"
809,217,"2024-09-09 11:49:06",3,11,"Special request 809"
810,298,"2024-07-05 00:04:03",7,5,"Special request 810"
811,394,"2024-07-22 12:22:22",4,7,NULL
812,251,"2024-08-04 18:01:48",5,9,NULL
813,163,"2024-06-02 20:10:43",2,6,NULL
814,305,"2024-05-19 14:31:16",2,4,"Special request 814"
815,298,"2024-09-26 03:47:37",8,5,NULL
816,127,"2024-10-01 03:31:36",8,12,NULL
817,182,"2024-08-29 08:22:45",3,2,NULL
818,429,"2024-10-19 06:37:04",5,12,NULL
819,91,"2024-06-07 21:41:24",6,13,NULL
820,171,"2024-07-24 01:04:03",7,4,NULL
821,233,"2024-10-24 00:13:27",6,15,NULL
822,276,"2024-09-24 23:44:05",2,14,NULL
823,25,"2024-03-26 10:57:06",2,7,"Special request 823"
824,11,"2024-12-02 18:31:46",5,15,"Special request 824"
825,183,"2024-01-13 22:02:48",2,5,NULL
826,291,"2024-12-30 08:53:51",3,4,NULL
827,330,"2024-11-08 15:04:21",4,15,NULL
828,355,"2024-10-11 06:24:21",7,8,"Special request 828"
829,102,"2024-08-13 02:19:10",5,9,"Special request 829"
830,313,"2024-05-20 17:17:35",2,2,NULL
831,296,"2024-10-21 08:08:56",3,14,NULL
832,153,"2024-10-07 17:46:57",8,6,NULL
833,454,"2024-07-17 09:25:32",8,6,NULL
834,416,"2024-10-26 06:05:18",6,9,"Special request 834"
835,235,"2024-03-25 18:22:38",7,2,"Special request 835"
836,282,"2024-04-25 19:23:15",8,9,"Special request 836"
837,267,"2024-07-22 11:36:28",3,5,NULL
838,172,"2024-03-13 02:45:03",8,4,"Special request 838"
839,153,"2024-12-13 13:16:27",7,6,NULL
840,361,"2024-06-25 23:27:21",3,13,NULL
841,309,"2024-10-18 04:16:12",2,5,"Special request 841"
842,319,"2024-11-07 22:50:10",4,4,"Special request 842"
843,410,"2024-10-09 06:12:08",4,12,NULL
844,32,"2024-12-12 23:27:31",5,15,"Special request 844"
845,363,"2024-04-02 22:47:35",2,12,NULL
846,381,"2024-08-13 07:54:35",7,3,NULL
847,295,"2024-09-11 08:39:58",7,8,"Special request 847"
848,473,"2024-11-18 13:01:02",6,5,NULL
849,88,"2024-01-31 06:52:42",8,4,NULL
850,72,"2024-08-27 23:01:24",8,5,"Special request 850"
851,174,"2024-07-14 08:38:55",6,9,NULL
852,447,"2024-09-18 10:41:31",8,6,"Special request 852"
853,172,"2024-06-18 13:28:37",4,2,NULL
854,171,"2024-02-27 00:42:32",7,5,NULL
855,359,"2024-07-29 03:03:01",7,14,NULL
856,24,"2024-03-05 07:27:02",7,3,NULL
857,284,"2024-12-28 00:54:08",3,5,NULL
858,183,"2024-03-19 00:40:39",8,4,"Special request 858"
859,78,"2024-04-16 12:27:33",8,2,NULL
860,217,"2024-07-03 21:16:06",3,10,NULL
861,2,"2024-03-23 23:42:29",2,15,NULL
862,429,"2024-04-09 17:38:20",7,3,NULL
863,305,"2024-10-15 00:57:35",2,4,NULL
864,92,"2024-08-06 09:38:15",5,7,NULL
865,316,"2024-10-25 14:36:18",3,8,"Special request 865"
866,348,"2024-04-21 00:47:41",5,5,"Special request 866"
867,203,"2024-11-22 23:48:45",3,10,NULL
868,457,"2024-06-26 11:00:23",6,15,NULL
869,206,"2024-06-06 08:17:04",8,5,NULL
870,8,"2024-09-13 17:20:17",5,4,NULL
871,337,"2024-09-07 17:03:55",4,1,NULL
872,76,"2024-03-26 06:28:19",7,14,"Special request 872"
873,232,"2024-09-01 23:49:58",8,13,"Special request 873"
874,174,"2024-04-09 05:12:37",4,12,NULL
875,48,"2024-11-02 22:28:40",8,2,NULL
876,414,"2024-04-21 16:57:07",2,5,NULL
877,258,"2024-01-27 06:42:12",7,13,NULL
878,339,"2024-10-29 08:33:13",2,2,"Special request 878"
879,58,"2024-05-09 20:07:38",5,2,"Special request 879"
880,408,"2024-05-24 09:42:48",5,8,NULL
881,247,"2024-02-11 04:40:35",2,2,"Special request 881"
882,283,"2024-05-02 01:41:48",8,14,NULL
883,441,"2024-11-14 22:34:40",7,1,NULL
884,231,"2024-08-07 10:28:58",6,5,NULL
885,133,"2024-06-05 16:22:30",4,7,"Special request 885"
886,491,"2024-01-29 06:16:30",5,15,NULL
887,78,"2024-11-22 20:49:23",2,6,NULL
888,65,"2024-02-02 05:41:40",2,1,NULL
889,121,"2024-08-29 03:47:44",6,14,NULL
890,150,"2024-01-30 15:02:47",5,5,NULL
891,14,"2024-03-04 07:28:19",7,7,NULL
892,121,"2024-02-14 21:23:50",8,2,NULL
893,252,"2024-04-05 09:51:08",7,4,NULL
894,255,"2024-09-03 21:06:16",7,4,NULL
895,201,"2024-02-22 07:34:55",5,2,"Special request 895"
896,32,"2024-01-20 07:38:33",2,4,NULL
897,392,"2024-03-27 22:47:41",7,8,"Special request 897"
898,253,"2024-07-05 13:24:22",2,10,"Special request 898"
899,455,"2024-01-06 03:35:54",4,11,NULL
900,367,"2024-08-10 10:17:16",7,7,NULL
901,86,"2024-06-04 20:30:26",6,13,"Special request 901"
902,459,"2024-09-27 04:32:35",8,9,NULL
903,258,"2024-02-06 14:09:42",8,8,NULL
904,166,"2024-12-25 09:10:36",8,11,NULL
905,88,"2024-12-08 14:55:29",3,1,NULL
906,402,"2024-04-22 08:37:01",2,11,"Special request 906"
907,77,"2024-12-13 11:52:01",4,10,NULL
908,459,"2024-06-15 02:21:09",5,4,NULL
909,286,"2024-11-14 10:55:10",6,10,"Special request 909"
910,483,"2024-04-29 07:06:17",7,11,NULL
911,314,"2024-01-28 02:30:52",5,4,NULL
912,309,"2024-02-10 14:40:54",6,3,NULL
913,251,"2024-01-26 20:54:02",7,1,NULL
914,160,"2024-07-04 21:07:09",6,7,NULL
915,309,"2024-12-07 08:24:13",7,5,"Special request 915"
916,418,"2024-09-04 16:03:32",8,7,NULL
917,381,"2024-08-06 21:21:07",7,12,NULL
918,306,"2024-08-31 16:29:14",5,8,"Special request 918"
919,429,"2024-01-14 02:32:45",6,15,NULL
920,229,"2024-09-22 13:09:56",3,3,NULL
921,119,"2024-05-19 08:58:08",3,13,NULL
922,221,"2024-06-06 22:26:40",7,14,"Special request 922"
923,261,"2024-06-10 14:27:27",6,14,NULL
924,292,"2024-11-26 07:17:52",7,3,NULL
925,350,"2024-03-15 03:25:44",8,15,"Special request 925"
926,35,"2024-09-18 20:47:06",4,12,NULL
927,249,"2024-11-11 17:16:43",7,9,NULL
928,63,"2024-07-07 11:34:18",3,8,NULL
929,291,"2024-06-25 05:56:37",6,14,NULL
930,430,"2024-10-01 03:36:44",3,10,NULL
931,145,"2024-07-12 20:11:35",7,6,NULL
932,391,"2024-10-24 11:30:22",7,4,NULL
933,373,"2024-02-03 17:12:28",3,13,NULL
934,199,"2024-03-16 01:50:49",7,9,NULL
935,114,"2024-12-11 07:09:43",2,7,NULL
936,223,"2024-05-26 11:41:43",6,3,NULL
937,248,"2024-02-01 06:31:33",8,7,NULL
938,417,"2024-11-05 16:17:19",7,3,NULL
939,357,"2024-08-15 00:26:46",8,15,NULL
940,23,"2024-03-26 12:10:45",2,8,"Special request 940"
941,416,"2024-05-28 00:32:47",5,8,NULL
942,148,"2024-03-31 06:52:47",4,1,"Special request 942"
943,155,"2024-04-23 07:22:50",6,3,"Special request 943"
944,400,"2024-10-10 22:52:48",5,2,"Special request 944"
945,144,"2024-01-18 11:14:45",4,12,NULL
946,328,"2024-07-19 12:25:52",7,4,NULL
947,448,"2024-09-06 03:41:47",7,9,NULL
948,456,"2024-05-11 07:59:22",2,4,"Special request 948"
949,309,"2024-11-07 14:48:49",4,8,NULL
950,205,"2024-11-02 13:11:43",8,6,NULL
951,89,"2024-05-02 23:58:02",3,12,NULL
952,313,"2024-12-17 09:28:29",8,13,"Special request 952"
953,270,"2024-02-18 15:39:30",2,13,"Special request 953"
954,385,"2024-08-31 10:01:30",2,3,NULL
955,427,"2024-04-13 14:20:08",8,7,NULL
956,454,"2024-08-03 13:30:24",3,6,"Special request 956"
957,481,"2024-02-20 23:27:49",7,10,NULL
958,100,"2024-06-29 07:12:30",8,14,NULL
959,213,"2024-09-02 11:14:04",2,7,NULL
960,441,"2024-12-03 11:41:55",8,2,NULL
961,49,"2024-05-25 06:01:24",6,5,NULL
962,49,"2024-04-15 17:58:31",3,14,"Special request 962"
963,397,"2024-08-21 18:21:53",7,3,NULL
964,480,"2024-04-06 16:40:35",5,7,NULL
965,84,"2024-02-14 23:31:10",2,4,NULL
966,452,"2024-05-23 15:07:12",3,2,NULL
967,282,"2024-06-23 03:10:07",6,1,"Special request 967"
968,359,"2024-01-23 16:11:59",3,10,NULL
969,431,"2024-09-13 13:07:58",8,9,"Special request 969"
970,165,"2024-08-20 02:54:36",3,1,NULL
971,244,"2024-03-23 21:19:15",6,11,NULL
972,77,"2024-06-03 21:49:25",6,1,"Special request 972"
973,442,"2024-10-26 09:20:06",5,12,NULL
974,359,"2024-09-22 18:28:04",5,4,NULL
975,106,"2024-09-05 12:15:58",7,13,NULL
976,42,"2024-04-26 21:16:29",4,13,"Special request 976"
977,292,"2024-11-25 08:11:35",7,2,"Special request 977"
978,371,"2024-01-31 03:40:41",3,11,NULL
979,349,"2024-08-04 02:39:16",8,9,"Special request 979"
980,306,"2024-03-31 22:01:41",4,5,NULL
981,468,"2024-07-12 23:01:55",7,10,NULL
982,349,"2024-04-12 11:37:21",4,12,NULL
983,221,"2024-01-08 02:50:14",7,13,NULL
984,67,"2024-07-14 16:58:10",3,12,"Special request 984"
985,156,"2024-02-18 05:02:34",7,4,"Special request 985"
986,271,"2024-07-12 02:50:29",2,9,NULL
987,214,"2024-04-24 14:16:44",4,8,NULL
988,344,"2024-07-08 19:19:12",5,3,"Special request 988"
989,498,"2024-09-22 19:36:08",6,2,NULL
990,21,"2024-10-29 03:12:20",2,10,NULL
991,485,"2024-12-24 13:20:30",2,2,NULL
992,290,"2024-10-23 12:38:38",4,3,NULL
993,151,"2024-08-01 00:20:14",2,5,NULL
994,406,"2024-05-24 17:17:13",5,9,"Special request 994"
995,433,"2024-01-06 00:45:57",5,6,"Special request 995"
996,182,"2024-12-26 01:17:39",7,4,NULL
997,376,"2024-08-29 19:26:04",2,5,NULL
998,74,"2024-06-20 07:58:54",8,2,NULL
999,500,"2024-05-20 18:46:10",8,8,NULL
1000,494,"2024-11-05 18:01:31",3,13,NULL
