sale_id,customer_id,employee_id,menu_item_id,time_id,table_id,reservation_id,payment_id,quantity,total_price
1,336,1,1,2024-02-07,7,NULL,52,4,15.62
2,303,10,30,2024-02-03,8,65,31,5,118.90
3,445,7,20,2024-03-29,5,267,491,4,44.72
4,341,4,24,2024-11-21,1,659,617,1,39.62
5,303,7,8,2024-06-12,7,NULL,369,5,148.85
6,318,8,2,2024-10-24,15,950,649,2,31.07
7,312,3,18,2024-02-13,12,761,911,2,73.04
8,390,9,5,2024-12-29,9,NULL,431,4,34.30
9,287,1,23,2024-05-26,13,NULL,648,5,45.63
10,368,7,7,2024-02-07,13,NULL,336,3,8.13
11,86,7,22,2024-08-02,13,135,727,2,52.88
12,331,10,29,2024-10-29,4,NULL,236,4,40.48
13,55,10,17,2024-10-02,3,225,501,5,150.12
14,428,10,12,2024-12-11,9,547,566,1,49.68
15,153,8,22,2024-06-19,3,969,19,1,244.23
16,250,1,18,2024-11-27,12,42,23,5,97.12
17,175,6,24,2024-03-06,9,849,308,5,14.46
18,40,7,4,2024-07-26,8,NULL,211,5,107.61
19,418,6,10,2024-11-15,7,261,781,1,90.26
20,469,9,15,2024-10-12,8,26,834,1,160.35
21,454,9,15,2024-12-12,4,340,439,1,65.91
22,339,6,25,2024-05-11,6,NULL,515,3,95.29
23,271,5,15,2024-02-13,3,984,418,1,104.94
24,158,5,6,2024-08-03,7,580,781,1,145.59
25,69,10,9,2024-07-26,1,587,975,1,184.02
26,159,1,9,2024-04-25,11,729,938,3,40.45
27,16,1,7,2024-11-15,11,901,456,3,154.37
28,365,1,7,2024-10-27,7,NULL,899,5,200.41
29,26,10,26,2024-03-19,9,879,73,4,131.95
30,237,6,5,2024-03-15,9,537,931,1,128.19
31,237,6,8,2024-09-14,12,588,265,3,10.50
32,357,6,16,2024-12-23,6,NULL,929,2,160.91
33,485,1,16,2024-05-15,5,470,573,3,64.55
34,108,10,6,2024-01-10,9,NULL,296,1,131.95
35,234,5,1,2024-08-02,14,NULL,307,1,138.91
36,271,8,28,2024-07-09,13,120,57,5,83.20
37,65,2,12,2024-06-03,15,231,252,3,35.97
38,125,2,1,2024-08-31,4,448,524,2,90.91
39,332,7,10,2024-07-20,13,233,509,5,40.46
40,447,5,18,2024-08-13,5,254,382,1,103.61
41,396,5,22,2024-05-13,10,851,770,2,14.07
42,259,6,6,2024-04-24,15,175,779,2,90.37
43,271,5,23,2024-05-07,8,307,487,3,10.48
44,351,5,10,2024-02-19,11,846,623,3,11.46
45,337,4,20,2024-04-24,9,NULL,748,1,21.78
46,256,5,20,2024-01-02,1,433,866,1,128.68
47,269,8,10,2024-03-10,1,598,394,1,198.56
48,326,5,4,2024-04-16,3,NULL,629,4,124.13
49,83,5,18,2024-09-04,10,673,29,1,64.48
50,47,5,26,2024-12-28,6,NULL,738,4,59.55
51,389,2,10,2024-02-21,12,330,25,1,102.37
52,425,7,27,2024-05-19,4,592,770,1,7.11
53,441,5,11,2024-08-10,15,NULL,806,2,42.51
54,1,9,9,2024-10-26,4,NULL,379,3,99.09
55,258,9,24,2024-04-21,3,NULL,395,1,98.22
56,105,10,2,2024-05-19,12,NULL,838,4,166.22
57,177,7,4,2024-09-27,5,568,955,1,29.01
58,268,1,26,2024-12-26,6,NULL,317,5,159.67
59,212,1,24,2024-10-24,12,692,261,2,22.54
60,163,4,1,2024-10-27,2,828,68,5,34.58
61,389,5,4,2024-01-25,1,NULL,362,1,41.37
62,282,4,5,2024-09-19,2,73,572,4,88.04
63,53,10,19,2024-03-03,15,813,26,4,121.07
64,34,9,25,2024-09-20,2,875,28,3,146.76
65,4,4,22,2024-08-10,13,575,598,2,155.29
66,264,2,10,2024-01-12,4,405,979,4,56.82
67,44,6,13,2024-07-01,4,666,306,3,41.65
68,91,7,26,2024-03-28,10,111,367,3,76.34
69,236,8,8,2024-02-06,11,321,717,4,263.95
70,355,9,27,2024-01-02,6,NULL,212,3,183.41
71,68,3,26,2024-06-29,14,829,793,3,164.72
72,417,5,26,2024-11-15,12,341,674,2,120.73
73,165,2,28,2024-01-17,8,635,549,5,65.98
74,348,7,6,2024-12-17,4,91,349,3,20.00
75,283,6,2,2024-07-30,12,939,574,1,93.35
76,384,5,27,2024-01-25,11,749,605,4,39.30
77,326,4,26,2024-03-05,5,626,758,5,76.80
78,288,9,12,2024-05-28,14,879,433,3,22.29
79,337,10,21,2024-07-16,11,NULL,912,1,27.87
80,99,10,4,2024-10-23,10,NULL,467,4,146.50
81,232,1,27,2024-04-15,12,NULL,510,4,45.08
82,323,2,2,2024-08-25,2,476,712,1,62.74
83,308,4,28,2024-07-27,2,67,358,3,195.04
84,206,3,29,2024-12-28,3,NULL,202,5,67.12
85,21,2,19,2024-09-02,8,467,192,3,48.36
86,251,3,16,2024-12-12,4,263,790,1,105.90
87,28,3,6,2024-02-08,15,884,731,1,45.95
88,495,7,13,2024-01-29,2,463,220,4,99.13
89,481,9,8,2024-10-15,3,165,197,3,189.66
90,177,5,2,2024-01-02,13,731,877,1,21.57
91,205,9,24,2024-07-28,8,791,28,4,128.17
92,43,1,26,2024-02-13,2,259,969,1,131.72
93,199,2,22,2024-12-31,14,235,59,3,43.80
94,107,8,2,2024-02-07,5,398,184,4,8.71
95,379,2,22,2024-12-11,9,27,638,1,183.66
96,160,1,11,2024-07-23,12,148,496,1,79.28
97,351,5,3,2024-02-22,7,NULL,642,5,26.78
98,209,10,13,2024-04-21,4,200,803,3,38.66
99,283,5,21,2024-12-26,14,520,310,5,5.52
100,207,8,23,2024-05-24,11,389,60,1,142.80
101,210,2,22,2024-12-13,10,719,618,5,91.11
102,427,5,27,2024-01-04,6,NULL,839,5,151.97
103,496,6,27,2024-08-31,11,505,953,2,24.39
104,399,5,20,2024-12-23,15,NULL,680,4,71.05
105,192,10,19,2024-03-28,6,NULL,887,3,132.46
106,449,2,1,2024-08-09,1,122,921,2,79.93
107,468,4,27,2024-05-21,5,732,684,2,33.02
108,43,5,1,2024-10-14,13,NULL,471,5,85.34
109,340,2,21,2024-01-18,3,523,834,4,120.06
110,2,10,17,2024-01-17,9,585,967,1,60.72
111,468,9,6,2024-07-31,5,NULL,223,4,24.99
112,295,5,18,2024-07-01,12,25,357,4,58.45
113,498,2,16,2024-05-03,2,96,44,5,155.13
114,251,1,26,2024-01-16,10,874,858,4,170.97
115,313,8,3,2024-02-04,3,660,367,5,27.65
116,28,4,14,2024-04-15,2,592,245,3,61.94
117,332,6,28,2024-11-18,10,488,24,4,15.86
118,456,3,11,2024-02-08,8,814,931,2,73.25
119,342,4,18,2024-12-03,14,328,874,2,40.69
120,485,8,20,2024-01-19,6,962,998,1,63.01
121,46,5,30,2024-07-06,10,NULL,560,4,224.16
122,51,9,23,2024-05-19,10,NULL,841,2,130.83
123,238,6,7,2024-07-05,14,NULL,878,4,119.66
124,178,4,15,2024-06-17,14,NULL,246,2,93.52
125,328,6,29,2024-12-14,15,NULL,465,4,66.31
126,159,2,29,2024-03-30,6,970,841,2,264.04
127,301,4,24,2024-01-09,11,603,346,5,33.22
128,309,10,20,2024-07-20,12,323,582,5,265.96
129,38,4,23,2024-07-28,10,731,728,3,33.05
130,34,9,30,2024-06-16,5,687,89,2,36.67
131,122,2,28,2024-02-28,2,NULL,227,3,185.94
132,96,5,26,2024-09-22,2,944,322,4,100.61
133,163,10,1,2024-02-12,8,556,120,5,80.05
134,314,1,7,2024-12-30,6,NULL,700,2,13.05
135,385,7,5,2024-08-27,13,611,378,1,37.53
136,229,6,10,2024-01-04,2,446,229,5,45.50
137,343,4,25,2024-01-12,10,907,13,2,77.61
138,368,7,27,2024-07-25,3,393,410,5,11.29
139,351,5,7,2024-08-20,9,NULL,916,5,19.85
140,203,9,1,2024-07-14,10,828,510,1,179.40
141,278,5,12,2024-09-03,4,829,845,4,35.89
142,25,8,21,2024-01-18,4,594,778,1,58.74
143,343,5,8,2024-11-24,11,NULL,373,1,104.43
144,488,3,5,2024-02-17,3,106,930,2,147.28
145,194,8,13,2024-11-20,4,520,291,5,70.97
146,483,8,26,2024-12-27,6,869,313,5,143.34
147,220,10,20,2024-04-12,7,557,649,3,256.82
148,391,2,15,2024-12-03,3,757,636,5,109.00
149,95,8,29,2024-08-10,4,561,83,4,127.35
150,19,7,1,2024-02-21,11,314,315,4,33.13
151,281,1,18,2024-10-21,4,NULL,216,4,154.25
152,350,1,29,2024-09-05,9,NULL,421,4,93.91
153,78,8,12,2024-08-19,15,396,749,3,32.06
154,273,7,15,2024-07-11,3,318,454,2,15.36
155,430,1,14,2024-03-10,10,993,235,1,74.83
156,49,2,12,2024-07-17,9,730,440,1,123.32
157,384,1,2,2024-02-05,5,120,986,3,199.76
158,103,7,25,2024-01-14,11,475,777,3,105.28
159,60,5,21,2024-03-11,14,269,330,5,66.01
160,202,2,19,2024-07-15,14,NULL,59,1,19.31
161,457,1,23,2024-06-28,3,559,538,1,27.34
162,328,7,13,2024-01-01,12,NULL,440,2,14.99
163,423,10,8,2024-05-15,2,921,249,3,187.05
164,41,10,21,2024-07-10,8,602,912,4,32.53
165,185,2,22,2024-02-20,8,10,736,4,14.03
166,74,10,13,2024-03-04,10,872,734,1,8.24
167,315,7,11,2024-10-28,1,NULL,872,5,24.72
168,194,4,23,2024-08-20,14,441,306,2,50.89
169,110,4,8,2024-01-23,9,NULL,888,2,72.16
170,414,2,4,2024-04-08,15,263,213,2,209.39
171,50,10,8,2024-07-03,12,600,836,2,96.72
172,385,5,6,2024-05-22,7,NULL,380,1,134.81
173,465,1,22,2024-03-26,1,578,254,3,252.59
174,8,3,4,2024-11-02,14,NULL,591,3,71.10
175,398,3,23,2024-01-23,1,504,98,5,34.94
176,249,4,2,2024-05-19,11,32,851,1,68.96
177,497,8,21,2024-03-03,13,898,440,3,46.15
178,494,4,27,2024-04-09,11,NULL,12,3,150.23
179,133,4,6,2024-09-12,15,NULL,798,4,137.24
180,176,10,19,2024-04-02,7,789,687,1,18.89
181,50,10,11,2024-01-09,1,242,14,2,78.12
182,410,10,13,2024-02-21,7,NULL,75,4,17.83
183,103,5,18,2024-08-11,5,226,270,4,129.72
184,500,9,2,2024-11-09,2,NULL,582,5,15.18
185,375,7,24,2024-01-25,1,NULL,77,5,51.78
186,127,4,2,2024-02-16,8,420,519,2,32.24
187,259,9,24,2024-04-14,2,860,408,3,41.32
188,288,1,11,2024-09-08,6,NULL,465,3,49.44
189,93,2,14,2024-08-03,10,114,359,3,43.81
190,210,3,7,2024-04-02,9,840,862,4,68.16
191,492,7,15,2024-05-18,7,NULL,654,2,35.61
192,374,4,20,2024-03-08,14,658,23,1,144.42
193,311,1,6,2024-11-27,15,794,543,2,6.36
194,318,8,25,2024-11-07,13,53,771,4,54.69
195,180,5,8,2024-11-01,7,61,284,2,106.09
196,307,4,22,2024-09-10,5,866,299,5,33.50
197,73,3,20,2024-07-26,14,NULL,427,4,263.27
198,134,9,16,2024-12-22,6,NULL,771,3,70.77
199,308,3,7,2024-05-30,7,NULL,226,3,135.12
200,172,10,17,2024-01-07,7,73,158,3,24.10
201,418,6,13,2024-05-12,9,406,214,5,109.81
202,42,7,28,2024-08-15,6,470,946,2,214.10
203,433,9,19,2024-07-20,14,NULL,681,4,131.45
204,313,4,27,2024-06-03,7,NULL,935,1,105.41
205,360,7,3,2024-07-02,4,705,473,2,92.96
206,254,4,6,2024-11-22,14,NULL,661,4,91.56
207,425,9,28,2024-12-13,15,109,531,2,14.64
208,52,8,17,2024-05-21,5,256,946,5,267.82
209,472,9,6,2024-07-06,1,475,877,5,63.13
210,8,4,27,2024-04-22,13,171,815,3,22.98
211,252,2,10,2024-01-29,7,727,585,4,159.04
212,495,3,4,2024-12-30,9,NULL,890,4,75.53
213,225,4,19,2024-12-09,13,979,29,2,52.50
214,397,6,16,2024-10-20,8,674,291,3,18.98
215,351,2,25,2024-06-28,1,369,759,4,68.98
216,257,2,5,2024-04-28,3,NULL,183,1,226.30
217,329,9,8,2024-08-26,9,NULL,287,1,61.22
218,78,8,11,2024-06-14,4,NULL,919,3,63.87
219,483,9,15,2024-10-31,11,NULL,411,2,122.86
220,483,6,27,2024-09-17,14,792,410,4,47.29
221,454,6,30,2024-05-06,12,143,694,1,32.81
222,6,7,5,2024-10-28,11,NULL,566,1,37.19
223,71,7,27,2024-06-04,8,239,781,1,68.93
224,88,8,1,2024-12-20,12,711,517,3,40.56
225,431,8,30,2024-09-25,12,380,331,3,68.33
226,53,5,22,2024-05-31,14,204,509,5,59.38
227,18,6,13,2024-08-21,14,89,783,4,148.21
228,414,7,22,2024-09-23,7,928,476,3,163.20
229,111,2,7,2024-07-25,3,82,72,1,44.09
230,418,1,24,2024-10-21,10,NULL,914,2,73.85
231,453,5,14,2024-12-14,7,687,888,2,80.08
232,102,1,26,2024-01-05,8,450,108,1,109.67
233,12,4,23,2024-08-21,15,NULL,345,2,109.66
234,418,1,27,2024-03-01,3,685,72,2,59.84
235,20,5,2,2024-12-31,13,795,842,5,105.30
236,431,8,29,2024-08-25,6,NULL,580,1,177.82
237,201,5,4,2024-02-29,8,NULL,280,3,255.45
238,499,2,20,2024-11-15,7,864,66,4,59.96
239,451,7,19,2024-02-17,12,90,999,4,180.99
240,436,6,28,2024-02-01,10,354,556,4,154.44
241,331,9,7,2024-07-07,15,427,347,3,61.98
242,437,3,22,2024-10-09,11,134,902,1,235.25
243,431,7,25,2024-01-03,10,226,104,5,248.55
244,29,5,1,2024-10-30,1,NULL,828,4,60.10
245,182,5,3,2024-03-07,10,764,254,5,46.85
246,134,2,26,2024-12-02,1,288,661,3,61.41
247,497,8,1,2024-09-07,6,NULL,848,5,88.37
248,134,4,1,2024-12-09,11,865,581,2,45.14
249,16,9,11,2024-02-18,9,783,397,4,54.23
250,72,7,26,2024-04-20,15,NULL,324,1,144.46
251,454,3,20,2024-05-25,1,271,88,4,147.37
252,488,4,18,2024-01-22,8,267,264,3,134.36
253,374,5,1,2024-10-20,14,970,429,2,196.64
254,464,5,21,2024-11-17,6,245,389,2,193.19
255,481,7,14,2024-04-07,15,433,951,3,102.11
256,126,2,2,2024-10-18,13,27,44,1,100.13
257,196,7,10,2024-06-09,5,652,954,5,63.30
258,265,8,4,2024-04-30,5,975,122,4,15.83
259,9,4,24,2024-10-29,12,575,743,5,121.93
260,431,6,29,2024-03-19,4,941,116,4,135.57
261,180,10,26,2024-04-23,15,191,850,4,46.47
262,58,3,22,2024-12-11,9,442,113,2,140.90
263,470,3,9,2024-09-27,13,772,653,5,44.30
264,29,1,1,2024-01-07,1,NULL,754,5,103.28
265,85,4,13,2024-11-10,2,NULL,224,3,95.65
266,88,9,28,2024-12-15,15,655,882,3,101.85
267,34,7,2,2024-04-15,5,270,446,3,128.25
268,170,2,20,2024-10-26,3,370,726,3,79.59
269,324,5,13,2024-09-27,6,NULL,549,3,248.37
270,21,4,23,2024-07-29,10,950,983,1,95.13
271,149,5,8,2024-12-18,2,141,288,1,15.97
272,290,8,2,2024-12-05,8,NULL,504,1,99.64
273,251,8,14,2024-12-01,4,830,276,5,107.32
274,108,9,16,2024-02-27,3,738,312,2,221.88
275,80,1,29,2024-06-18,8,776,736,2,130.49
276,437,3,19,2024-05-07,14,302,331,4,126.52
277,76,4,6,2024-11-15,13,819,53,5,49.42
278,203,10,21,2024-07-14,9,698,629,1,95.57
279,261,5,15,2024-03-08,8,NULL,689,5,45.62
280,118,8,5,2024-05-26,9,737,599,4,21.56
281,406,4,11,2024-09-14,7,370,416,5,35.11
282,350,2,27,2024-10-22,6,627,445,2,117.65
283,22,8,15,2024-04-03,13,309,472,3,128.38
284,58,2,12,2024-06-05,1,NULL,176,2,27.56
285,7,8,16,2024-05-27,8,863,502,5,38.96
286,146,4,20,2024-05-27,1,NULL,310,5,212.29
287,223,5,22,2024-05-12,10,853,783,2,26.32
288,31,2,11,2024-05-14,13,768,681,1,138.53
289,254,7,17,2024-11-04,10,727,103,2,115.69
290,485,5,5,2024-06-17,14,784,634,5,44.47
291,15,6,23,2024-02-14,5,901,16,2,229.88
292,218,3,27,2024-08-27,10,680,405,5,119.31
293,288,3,20,2024-06-22,6,433,604,4,176.95
294,241,2,3,2024-02-02,3,NULL,31,5,45.10
295,482,6,3,2024-08-29,1,674,918,3,37.67
296,210,9,6,2024-03-23,9,608,210,2,152.33
297,395,4,13,2024-12-28,11,880,584,2,73.69
298,427,3,14,2024-09-07,1,677,902,3,196.28
299,452,6,30,2024-04-03,6,188,766,2,13.90
300,425,1,24,2024-09-15,3,NULL,613,3,255.08
301,486,1,5,2024-10-03,5,301,777,5,171.92
302,88,10,1,2024-05-31,15,474,309,1,38.85
303,45,4,19,2024-12-14,14,734,590,4,159.54
304,3,3,13,2024-03-16,12,327,613,1,135.91
305,249,6,8,2024-07-20,1,633,509,4,120.76
306,410,4,7,2024-01-22,10,530,353,1,136.65
307,118,6,6,2024-02-23,4,335,902,3,136.15
308,118,6,7,2024-04-17,13,216,25,3,20.04
309,249,3,23,2024-12-15,9,NULL,902,4,22.98
310,177,8,17,2024-08-02,5,357,865,2,114.82
311,434,7,15,2024-08-13,9,897,68,4,13.62
312,42,8,8,2024-02-27,1,317,538,4,8.67
313,281,4,30,2024-12-06,11,194,16,3,105.93
314,13,2,19,2024-08-19,6,NULL,931,2,73.93
315,388,9,30,2024-04-12,8,483,650,4,37.10
316,38,9,30,2024-05-21,15,NULL,817,5,193.87
317,244,8,6,2024-09-12,15,612,968,1,32.66
318,263,10,28,2024-12-03,13,590,685,4,16.38
319,81,4,1,2024-03-09,14,NULL,709,5,115.94
320,367,8,19,2024-10-13,2,NULL,787,5,106.15
321,44,10,22,2024-09-01,3,NULL,119,3,160.97
322,210,7,7,2024-12-24,4,78,269,1,127.06
323,389,7,1,2024-02-10,8,946,494,4,115.77
324,161,3,2,2024-08-31,3,NULL,595,3,187.46
325,278,10,30,2024-03-09,15,988,444,2,261.56
326,494,1,8,2024-01-28,10,373,653,1,130.60
327,385,6,20,2024-07-17,11,NULL,532,5,200.27
328,268,9,26,2024-08-09,7,872,24,3,106.63
329,11,2,16,2024-03-13,8,NULL,318,2,46.20
330,399,9,22,2024-03-08,11,265,53,3,41.86
331,467,2,4,2024-01-06,12,24,174,4,139.55
332,74,1,21,2024-05-09,11,383,401,5,32.00
333,270,5,21,2024-01-20,4,NULL,665,4,181.71
334,191,7,29,2024-11-14,8,441,198,4,165.89
335,43,5,2,2024-10-22,14,404,298,2,117.75
336,304,2,5,2024-02-07,2,807,359,2,221.52
337,355,2,12,2024-08-02,12,778,183,3,22.79
338,59,5,1,2024-09-14,7,35,970,4,180.66
339,270,4,1,2024-02-23,10,NULL,199,3,245.63
340,490,2,20,2024-12-16,12,167,497,5,53.41
341,390,3,27,2024-08-29,11,839,82,5,49.04
342,288,6,27,2024-11-04,9,916,599,2,81.62
343,26,9,29,2024-05-06,13,380,352,4,12.62
344,170,9,7,2024-06-21,12,635,22,2,106.95
345,113,5,17,2024-05-22,5,168,563,2,96.59
346,194,8,18,2024-08-12,6,NULL,606,2,102.54
347,222,6,20,2024-06-07,4,NULL,649,4,15.44
348,68,3,22,2024-11-08,3,581,280,4,53.53
349,378,2,13,2024-09-11,4,NULL,251,2,94.62
350,412,3,1,2024-03-02,13,152,224,4,74.55
351,125,6,29,2024-01-28,9,340,875,2,47.04
352,351,7,3,2024-07-16,7,154,320,1,41.03
353,411,6,4,2024-12-22,9,NULL,808,2,35.24
354,266,9,25,2024-06-05,11,809,513,1,25.63
355,177,7,10,2024-06-29,9,848,328,1,60.13
356,287,3,12,2024-04-11,4,654,481,3,130.20
357,136,9,7,2024-09-13,13,660,219,1,50.28
358,122,7,14,2024-05-02,6,344,708,3,75.92
359,176,3,1,2024-07-03,7,746,921,2,17.54
360,72,9,2,2024-07-18,9,779,966,3,66.31
361,4,1,3,2024-04-28,6,NULL,793,5,122.65
362,310,2,4,2024-01-21,14,877,444,3,70.02
363,207,4,14,2024-04-11,1,65,666,1,193.52
364,409,2,14,2024-09-09,2,61,871,1,66.85
365,311,2,21,2024-02-13,8,832,307,1,37.72
366,253,8,4,2024-05-17,9,313,801,1,153.21
367,151,3,13,2024-04-24,5,811,434,4,97.88
368,248,3,28,2024-09-16,13,NULL,292,4,31.42
369,222,6,15,2024-09-28,4,333,619,1,142.02
370,14,9,2,2024-09-22,8,325,511,3,23.27
371,174,5,9,2024-01-20,6,NULL,977,2,212.72
372,259,6,5,2024-03-13,8,NULL,845,4,35.71
373,37,9,26,2024-10-18,7,NULL,810,3,48.74
374,38,7,28,2024-10-08,1,NULL,453,3,43.86
375,293,7,12,2024-01-13,1,NULL,857,2,45.86
376,374,9,2,2024-08-25,2,646,449,2,14.27
377,241,4,15,2024-03-20,11,439,128,2,15.80
378,480,5,9,2024-01-21,8,541,128,1,121.38
379,164,2,25,2024-07-31,8,749,837,5,13.61
380,373,6,19,2024-05-02,13,658,564,5,32.25
381,142,9,14,2024-09-07,1,145,921,1,47.80
382,223,4,19,2024-12-10,13,233,123,5,31.18
383,461,7,18,2024-11-26,12,375,466,2,107.63
384,272,3,24,2024-12-31,11,190,595,3,82.63
385,15,4,15,2024-07-11,3,173,509,1,175.43
386,429,5,27,2024-12-01,15,286,332,5,23.60
387,180,8,20,2024-12-25,15,NULL,956,5,94.47
388,341,7,13,2024-01-21,15,NULL,117,1,82.53
389,162,3,3,2024-10-10,10,NULL,302,5,6.17
390,367,2,22,2024-02-03,4,489,270,5,70.17
391,5,10,23,2024-11-14,2,NULL,316,4,26.73
392,400,7,27,2024-06-04,8,342,228,1,49.22
393,377,6,11,2024-02-29,12,683,202,5,14.88
394,471,4,3,2024-05-02,6,NULL,452,3,10.33
395,482,7,11,2024-10-05,12,811,158,2,62.53
396,300,5,17,2024-04-12,12,205,677,4,182.87
397,192,7,29,2024-12-01,11,NULL,954,2,119.03
398,299,4,3,2024-05-05,7,338,310,3,42.33
399,199,7,26,2024-05-18,6,NULL,553,3,58.06
400,270,8,2,2024-01-08,15,NULL,102,1,41.63
401,228,5,2,2024-10-28,15,631,258,2,75.40
402,258,1,29,2024-06-19,8,NULL,355,5,152.43
403,247,1,24,2024-09-25,6,431,685,1,141.13
404,173,9,4,2024-01-28,1,NULL,787,5,164.04
405,246,10,10,2024-09-30,12,482,756,2,120.76
406,242,7,22,2024-09-12,5,839,493,5,52.87
407,183,6,20,2024-07-31,15,619,776,1,222.38
408,11,5,9,2024-12-23,1,527,620,3,42.26
409,291,5,10,2024-05-15,14,889,519,5,37.79
410,11,2,18,2024-07-27,1,935,793,1,76.41
411,325,6,20,2024-09-04,7,610,483,3,114.34
412,311,3,17,2024-12-09,1,295,665,3,61.57
413,484,7,16,2024-07-12,2,NULL,267,3,12.91
414,303,10,3,2024-07-01,4,613,77,3,147.37
415,308,7,9,2024-07-23,14,NULL,10,1,190.29
416,45,3,1,2024-05-13,12,804,202,3,24.34
417,269,3,22,2024-10-26,14,45,734,3,114.05
418,166,5,2,2024-12-28,13,317,106,3,34.11
419,55,1,25,2024-01-14,11,977,625,1,51.04
420,179,10,25,2024-03-19,9,632,327,4,81.69
421,340,3,14,2024-04-22,4,317,990,5,6.17
422,268,4,29,2024-11-08,6,843,998,3,20.67
423,490,4,24,2024-10-29,13,772,908,2,49.39
424,158,7,14,2024-03-29,13,877,944,1,139.39
425,427,1,26,2024-12-21,5,NULL,686,2,22.34
426,382,1,2,2024-01-13,1,217,891,5,44.84
427,303,1,12,2024-09-21,8,560,526,5,14.10
428,363,5,5,2024-04-21,2,858,372,2,84.78
429,404,8,13,2024-10-28,13,NULL,89,2,57.97
430,356,1,10,2024-05-15,13,414,466,1,37.08
431,364,8,12,2024-09-30,10,NULL,250,4,67.32
432,123,9,16,2024-02-03,13,679,226,1,176.49
433,421,3,28,2024-10-01,15,348,761,4,61.96
434,15,2,27,2024-11-09,10,755,207,4,81.64
435,223,8,13,2024-11-15,2,NULL,758,2,37.19
436,206,9,1,2024-07-03,8,NULL,204,2,112.22
437,466,7,17,2024-09-30,2,726,33,5,93.90
438,323,6,22,2024-12-07,9,NULL,181,5,55.21
439,483,1,9,2024-04-08,8,NULL,355,3,9.56
440,269,2,12,2024-04-24,7,461,878,1,25.30
441,407,1,24,2024-10-09,8,767,45,5,117.19
442,416,2,13,2024-07-19,8,NULL,417,4,99.26
443,463,1,16,2024-05-19,6,NULL,607,4,10.17
444,255,1,23,2024-07-31,10,768,194,4,166.77
445,102,10,8,2024-05-22,3,756,830,5,252.97
446,431,6,5,2024-02-07,2,973,757,5,29.76
447,60,7,25,2024-04-01,12,NULL,746,4,130.74
448,163,9,11,2024-03-16,15,678,83,2,37.61
449,325,9,15,2024-09-28,4,735,352,3,204.16
450,228,6,6,2024-06-04,9,616,731,5,186.08
451,102,9,12,2024-08-02,11,NULL,295,4,25.24
452,423,9,25,2024-07-04,1,NULL,656,5,209.53
453,53,2,14,2024-10-26,11,712,23,5,45.86
454,163,2,25,2024-08-26,12,NULL,263,3,18.85
455,63,3,4,2024-09-26,5,471,537,2,212.71
456,219,4,17,2024-09-10,12,NULL,665,5,111.30
457,109,9,11,2024-05-21,13,997,647,2,74.07
458,162,8,22,2024-04-23,7,136,794,3,79.84
459,35,10,14,2024-05-27,11,339,831,1,43.98
460,99,4,1,2024-02-03,7,NULL,985,2,97.86
461,417,3,28,2024-09-02,10,297,727,4,96.32
462,382,4,19,2024-11-15,9,238,638,3,140.42
463,17,6,15,2024-10-27,11,NULL,712,4,94.52
464,340,2,16,2024-04-23,15,NULL,448,4,145.01
465,223,10,20,2024-04-15,8,77,886,1,21.61
466,171,6,16,2024-01-04,8,458,466,5,23.96
467,8,10,27,2024-06-05,8,706,796,5,51.01
468,162,6,26,2024-07-10,2,NULL,198,2,201.92
469,254,6,14,2024-06-05,13,NULL,572,3,30.27
470,228,7,3,2024-05-07,8,673,67,2,118.48
471,254,8,8,2024-01-03,5,834,184,3,62.27
472,142,4,21,2024-07-09,9,952,428,2,42.83
473,164,5,6,2024-07-26,5,NULL,501,5,148.86
474,370,5,8,2024-09-22,14,102,413,4,96.42
475,302,7,18,2024-11-22,11,NULL,87,5,102.67
476,63,2,18,2024-05-23,3,863,292,5,115.99
477,246,1,1,2024-10-20,15,851,234,4,24.16
478,90,7,29,2024-08-14,5,673,873,2,31.41
479,113,6,9,2024-08-28,7,423,702,2,39.73
480,280,5,22,2024-03-16,13,366,100,3,80.48
481,248,6,3,2024-11-01,15,292,783,1,46.98
482,455,3,22,2024-09-30,9,223,362,1,141.91
483,166,8,25,2024-10-03,6,503,969,2,217.91
484,474,2,2,2024-08-24,2,63,250,1,131.61
485,179,10,23,2024-11-06,15,223,786,2,259.76
486,386,2,7,2024-09-16,14,818,525,1,95.01
487,300,4,27,2024-05-04,2,73,941,3,104.55
488,441,9,11,2024-06-02,1,NULL,777,4,165.27
489,406,7,27,2024-05-29,7,NULL,865,5,41.83
490,109,9,16,2024-01-15,11,194,243,4,54.07
491,94,1,18,2024-11-12,9,76,950,3,42.22
492,301,6,23,2024-02-28,9,499,140,2,69.80
493,52,4,18,2024-09-22,14,299,260,3,17.42
494,190,9,29,2024-05-07,13,568,161,1,22.75
495,410,8,14,2024-11-18,2,NULL,321,3,139.79
496,421,7,26,2024-04-16,13,637,844,2,5.58
497,314,8,25,2024-11-29,2,996,43,2,11.20
498,421,1,27,2024-02-28,3,173,865,5,106.47
499,218,10,12,2024-01-18,2,160,265,5,106.38
500,412,3,24,2024-02-05,3,496,657,4,21.02
501,97,1,19,2024-12-03,12,551,199,2,33.77
502,294,2,1,2024-08-07,15,258,194,1,49.62
503,392,8,10,2024-05-16,14,748,226,5,41.81
504,481,7,19,2024-12-29,2,437,531,2,45.59
505,328,5,9,2024-02-16,12,379,937,3,252.41
506,430,6,5,2024-01-15,13,NULL,79,4,17.67
507,55,1,24,2024-11-30,3,252,782,1,103.98
508,473,8,5,2024-06-05,10,NULL,797,1,21.09
509,472,2,1,2024-08-13,1,928,66,3,31.79
510,294,9,11,2024-04-06,5,217,247,3,14.00
511,101,6,6,2024-03-27,10,423,719,2,56.40
512,176,8,15,2024-05-02,3,NULL,263,3,83.69
513,50,7,24,2024-01-30,1,NULL,708,4,25.80
514,1,7,11,2024-10-06,12,95,62,1,208.82
515,191,10,22,2024-09-27,8,925,764,1,156.77
516,42,7,3,2024-05-07,9,735,654,1,68.73
517,462,9,9,2024-01-20,6,293,427,2,54.45
518,478,3,8,2024-07-06,13,NULL,223,5,149.26
519,220,3,26,2024-08-03,6,312,304,3,10.79
520,209,3,26,2024-07-13,3,358,301,3,86.30
521,478,10,28,2024-09-26,14,38,124,3,25.67
522,433,6,1,2024-06-28,7,919,683,4,34.50
523,255,8,14,2024-12-03,4,97,423,5,186.74
524,21,1,9,2024-02-08,11,238,351,1,49.67
525,334,5,11,2024-04-22,8,610,162,5,25.65
526,198,6,24,2024-02-21,6,537,736,1,35.30
527,476,4,26,2024-04-01,11,369,785,5,83.11
528,415,6,6,2024-04-02,12,884,323,5,93.86
529,17,3,3,2024-09-15,5,635,283,3,197.30
530,278,1,11,2024-09-21,9,NULL,851,1,161.03
531,420,6,6,2024-04-19,15,NULL,177,3,50.75
532,396,7,25,2024-02-19,4,NULL,466,4,103.88
533,36,7,30,2024-01-26,6,574,302,4,34.00
534,485,4,3,2024-03-07,11,NULL,306,5,115.28
535,475,10,1,2024-03-01,12,546,609,3,59.27
536,129,10,4,2024-08-29,15,NULL,859,1,229.53
537,410,6,6,2024-05-14,4,189,365,2,29.96
538,255,9,26,2024-09-08,13,353,221,1,134.86
539,463,5,13,2024-09-25,7,NULL,663,2,36.41
540,489,4,28,2024-06-28,11,NULL,881,3,29.78
541,247,9,27,2024-10-28,7,NULL,715,1,137.28
542,52,9,28,2024-12-23,3,482,380,3,23.04
543,30,5,29,2024-07-11,12,552,280,4,49.09
544,119,7,18,2024-11-19,11,NULL,350,1,17.84
545,366,4,17,2024-10-07,3,662,53,2,32.74
546,425,4,3,2024-05-29,13,NULL,665,5,23.13
547,453,10,29,2024-11-20,10,391,602,5,47.43
548,349,4,26,2024-02-16,1,NULL,363,1,69.92
549,348,8,28,2024-02-29,2,NULL,164,1,111.89
550,129,2,23,2024-06-01,13,477,362,2,226.35
551,27,6,23,2024-12-18,9,684,133,4,114.28
552,192,5,10,2024-02-12,10,NULL,902,2,32.53
553,175,8,21,2024-02-28,12,260,382,1,30.15
554,62,3,24,2024-04-13,1,284,606,1,32.74
555,382,5,28,2024-03-29,8,762,901,2,49.55
556,204,1,6,2024-09-01,12,NULL,533,4,153.89
557,401,5,27,2024-02-11,14,NULL,387,5,159.65
558,378,2,15,2024-01-07,10,NULL,53,2,129.24
559,454,5,10,2024-04-29,11,659,625,1,241.10
560,401,4,14,2024-02-27,7,930,730,5,52.60
561,266,8,3,2024-04-02,15,948,191,1,162.06
562,456,9,15,2024-10-29,11,529,222,3,52.63
563,54,10,14,2024-05-09,7,516,62,4,182.24
564,198,5,26,2024-01-18,11,45,592,5,43.77
565,47,8,22,2024-03-14,13,578,21,2,222.72
566,420,7,26,2024-03-09,7,195,523,1,133.90
567,60,3,5,2024-10-12,8,139,322,1,16.55
568,150,1,18,2024-08-12,5,NULL,942,2,269.58
569,56,2,10,2024-03-15,1,291,367,5,161.99
570,96,10,7,2024-04-04,10,552,928,5,45.42
571,36,3,7,2024-02-27,3,584,646,3,109.07
572,328,9,13,2024-07-03,4,617,90,3,207.25
573,21,7,7,2024-02-24,1,NULL,754,3,101.45
574,298,2,3,2024-11-07,1,35,287,2,219.76
575,113,4,9,2024-03-21,4,545,716,5,34.14
576,316,10,23,2024-11-24,5,NULL,792,4,28.59
577,423,1,25,2024-11-16,14,331,580,5,43.89
578,285,4,25,2024-02-10,3,579,679,4,35.59
579,378,9,2,2024-08-04,13,990,408,1,35.27
580,449,2,26,2024-11-16,14,NULL,914,3,99.26
581,225,10,15,2024-06-14,13,NULL,40,3,36.49
582,261,9,15,2024-12-21,7,673,802,5,130.33
583,134,10,3,2024-07-21,8,31,90,2,91.25
584,428,9,20,2024-09-27,12,73,996,4,182.79
585,254,2,10,2024-02-09,9,970,234,2,70.65
586,209,4,15,2024-05-17,7,807,976,3,70.47
587,123,9,10,2024-02-14,11,186,787,2,93.06
588,406,7,22,2024-09-05,4,512,784,2,133.24
589,353,5,10,2024-02-07,9,190,193,2,124.55
590,415,8,6,2024-09-02,13,251,806,2,263.16
591,428,5,20,2024-12-10,12,NULL,293,4,232.70
592,79,10,16,2024-07-11,2,887,273,4,121.15
593,495,7,13,2024-01-19,1,NULL,458,3,70.27
594,166,10,27,2024-06-09,9,45,567,4,221.29
595,411,7,17,2024-11-22,13,140,100,1,20.25
596,25,5,30,2024-09-03,6,NULL,564,5,67.71
597,86,1,21,2024-05-10,11,894,283,4,231.40
598,71,10,8,2024-06-26,10,NULL,29,4,38.96
599,327,9,9,2024-11-10,7,106,448,5,53.37
600,418,7,17,2024-12-18,3,NULL,492,1,23.09
601,34,5,3,2024-02-07,4,NULL,350,2,36.88
602,486,4,22,2024-07-29,12,847,175,2,47.77
603,36,3,4,2024-09-29,6,NULL,617,4,22.78
604,439,7,15,2024-08-14,9,802,656,5,76.62
605,452,3,14,2024-07-14,6,367,611,5,258.67
606,131,9,17,2024-02-17,1,313,553,5,144.42
607,51,8,19,2024-10-15,1,NULL,276,4,223.98
608,320,8,30,2024-07-30,15,NULL,920,4,38.71
609,383,9,2,2024-08-09,14,730,590,4,31.75
610,104,5,21,2024-02-08,7,NULL,867,5,104.62
611,277,4,4,2024-07-23,7,740,508,2,26.38
612,437,2,28,2024-04-11,10,509,720,1,77.63
613,261,2,1,2024-09-22,9,NULL,12,4,104.73
614,446,5,13,2024-10-10,10,NULL,836,2,268.49
615,492,10,28,2024-08-06,5,314,664,2,100.34
616,96,9,16,2024-02-13,1,NULL,240,3,12.31
617,310,1,14,2024-02-06,2,193,28,3,205.52
618,236,6,14,2024-07-03,3,569,565,1,49.20
619,360,4,22,2024-06-17,3,462,154,2,27.48
620,82,6,2,2024-09-23,8,858,490,5,254.59
621,21,4,15,2024-07-04,1,NULL,426,5,76.61
622,414,1,22,2024-06-12,2,418,662,1,40.71
623,439,4,28,2024-08-02,4,114,501,1,19.94
624,88,9,20,2024-09-15,10,NULL,769,1,34.93
625,305,9,12,2024-04-26,8,79,856,1,37.07
626,246,3,18,2024-03-18,6,766,315,2,82.77
627,375,5,6,2024-06-11,11,290,249,2,35.78
628,196,3,7,2024-03-06,5,NULL,746,5,125.71
629,168,4,19,2024-01-27,9,820,631,4,134.90
630,122,9,14,2024-09-17,4,454,176,3,30.63
631,216,1,22,2024-08-04,12,564,255,3,60.36
632,200,2,10,2024-04-13,7,862,966,2,102.45
633,99,6,29,2024-04-13,8,NULL,204,4,58.20
634,399,10,14,2024-04-14,2,NULL,285,2,22.47
635,41,4,13,2024-01-23,2,664,789,5,24.77
636,210,8,12,2024-10-02,10,NULL,7,4,39.08
637,446,9,24,2024-03-26,13,722,285,2,52.23
638,234,3,3,2024-07-02,5,NULL,585,2,34.68
639,12,7,3,2024-07-16,7,643,431,2,140.64
640,18,7,4,2024-09-09,2,208,189,2,6.13
641,369,2,24,2024-04-24,4,165,326,1,39.99
642,182,6,19,2024-06-14,7,NULL,301,2,274.95
643,146,9,16,2024-01-02,7,567,303,5,25.90
644,150,5,8,2024-12-01,14,338,925,4,54.09
645,318,8,22,2024-06-16,2,366,428,1,152.07
646,260,3,19,2024-06-02,4,NULL,496,5,55.73
647,116,2,9,2024-10-07,1,NULL,982,3,139.94
648,452,10,1,2024-03-10,15,760,459,1,118.84
649,13,9,8,2024-08-02,4,283,228,2,215.04
650,200,2,22,2024-01-26,3,867,291,5,75.33
651,13,8,27,2024-12-27,5,344,727,3,91.82
652,7,2,26,2024-10-13,5,376,71,2,251.92
653,307,5,15,2024-01-26,13,19,720,3,32.82
654,50,1,26,2024-03-23,9,412,48,1,95.85
655,444,6,4,2024-11-20,2,NULL,914,1,27.47
656,160,2,2,2024-07-30,12,682,778,5,247.99
657,473,10,29,2024-11-05,7,144,311,1,192.81
658,480,9,6,2024-07-02,15,200,385,2,55.94
659,135,4,29,2024-09-24,12,NULL,274,1,12.53
660,198,5,5,2024-04-15,1,413,157,3,70.65
661,201,2,11,2024-05-17,13,230,666,4,14.62
662,335,3,30,2024-05-18,14,167,709,1,19.70
663,233,3,29,2024-01-04,3,NULL,233,5,13.05
664,245,5,1,2024-07-10,10,658,788,5,85.40
665,414,8,16,2024-02-10,1,NULL,526,5,29.83
666,353,5,28,2024-06-05,6,179,566,2,215.35
667,188,1,9,2024-03-12,2,NULL,525,4,213.35
668,322,1,16,2024-05-01,2,128,190,3,53.15
669,64,10,5,2024-12-18,7,648,706,3,89.55
670,385,2,14,2024-11-02,13,260,682,4,39.73
671,373,9,8,2024-07-23,1,514,987,2,274.82
672,56,1,4,2024-04-05,15,789,496,1,8.55
673,446,4,9,2024-03-18,4,891,905,5,31.87
674,36,10,16,2024-09-08,14,141,945,2,116.83
675,198,6,12,2024-05-09,10,579,613,2,221.50
676,212,3,30,2024-02-19,12,337,745,4,62.69
677,172,4,21,2024-04-27,10,459,130,2,54.04
678,234,1,2,2024-12-02,8,993,884,3,97.21
679,232,1,27,2024-04-01,10,459,539,2,266.69
680,261,10,6,2024-01-27,13,NULL,733,1,147.59
681,263,6,7,2024-06-10,8,118,555,3,27.72
682,320,2,2,2024-09-22,7,821,15,4,12.40
683,161,8,27,2024-02-20,1,293,458,3,38.73
684,352,1,9,2024-03-05,1,30,278,2,74.97
685,425,2,10,2024-12-29,2,613,968,1,32.05
686,225,6,16,2024-10-17,8,NULL,388,1,36.55
687,123,7,12,2024-12-31,14,345,532,4,159.84
688,231,9,28,2024-12-11,1,106,840,5,250.53
689,291,4,29,2024-09-01,8,630,218,2,22.51
690,347,1,1,2024-01-21,4,NULL,845,3,11.12
691,363,6,21,2024-09-01,5,898,784,2,43.48
692,286,4,28,2024-08-12,5,NULL,712,2,78.11
693,270,8,4,2024-05-16,8,314,486,3,161.88
694,119,9,21,2024-09-24,10,184,851,4,209.13
695,158,7,15,2024-05-11,6,144,815,4,217.18
696,139,7,11,2024-10-21,1,998,184,5,24.90
697,302,4,27,2024-05-23,5,981,753,5,240.20
698,290,4,8,2024-01-12,7,868,254,4,167.42
699,270,2,4,2024-03-01,7,NULL,660,5,48.74
700,212,2,17,2024-03-10,6,703,75,2,39.81
701,107,10,5,2024-11-19,15,902,38,3,19.77
702,138,3,17,2024-12-28,4,711,673,2,59.26
703,276,8,8,2024-11-03,8,NULL,441,2,140.22
704,451,1,19,2024-11-15,8,536,603,3,82.30
705,466,9,20,2024-07-21,13,49,712,3,102.72
706,108,9,23,2024-01-21,1,597,509,4,85.99
707,28,5,27,2024-02-12,15,880,698,5,25.75
708,358,9,6,2024-04-28,2,645,114,4,93.18
709,390,2,10,2024-03-17,2,NULL,653,5,155.42
710,495,2,21,2024-01-17,3,903,479,4,272.22
711,242,8,8,2024-02-06,11,31,464,2,207.06
712,335,5,5,2024-06-26,15,844,183,2,91.51
713,76,9,21,2024-11-13,5,283,248,2,77.79
714,391,3,29,2024-12-02,12,412,603,4,8.99
715,49,3,4,2024-09-15,4,NULL,828,3,50.93
716,5,6,27,2024-09-03,11,772,93,1,142.23
717,39,7,8,2024-02-16,14,116,72,1,46.70
718,102,6,11,2024-01-07,1,NULL,959,5,22.57
719,379,2,8,2024-12-14,15,716,149,3,158.00
720,387,3,28,2024-10-10,3,39,670,2,12.98
721,3,8,20,2024-01-27,6,NULL,572,4,106.41
722,22,9,27,2024-12-25,5,394,631,5,268.04
723,398,2,11,2024-05-06,10,76,768,4,215.09
724,268,8,10,2024-03-18,2,NULL,544,4,61.07
725,7,9,13,2024-05-06,8,216,417,3,102.65
726,429,4,29,2024-10-26,4,NULL,396,3,42.71
727,477,3,13,2024-05-18,10,NULL,534,1,126.52
728,161,1,12,2024-10-03,9,686,353,4,57.87
729,460,8,6,2024-06-30,15,907,443,3,23.75
730,314,6,21,2024-11-16,5,114,508,1,111.64
731,70,6,16,2024-10-06,5,431,331,2,45.89
732,281,8,9,2024-02-02,9,23,487,2,94.27
733,338,2,15,2024-02-14,3,395,874,1,100.75
734,448,6,9,2024-08-04,3,NULL,215,2,45.66
735,260,1,17,2024-09-16,14,625,375,5,96.88
736,68,7,23,2024-10-21,13,766,910,2,156.86
737,417,6,3,2024-11-24,4,226,12,2,47.77
738,77,4,6,2024-12-30,6,NULL,548,5,255.70
739,306,5,9,2024-03-02,15,9,877,2,48.54
740,414,2,13,2024-07-27,9,286,806,1,108.98
741,101,9,25,2024-06-18,13,NULL,593,3,193.62
742,242,8,3,2024-05-10,8,432,17,4,49.58
743,398,7,3,2024-04-12,3,977,557,5,67.95
744,4,10,28,2024-08-22,7,153,872,5,197.04
745,488,7,17,2024-08-18,8,NULL,186,4,215.65
746,409,7,21,2024-06-28,7,NULL,205,5,53.91
747,371,4,9,2024-06-27,10,999,303,3,195.27
748,110,6,2,2024-07-31,12,511,37,4,48.04
749,170,5,6,2024-08-08,7,45,773,4,62.76
750,50,3,1,2024-04-15,7,482,996,3,197.14
751,61,1,3,2024-03-10,11,NULL,940,2,44.98
752,369,7,25,2024-04-18,1,775,391,4,268.59
753,499,1,6,2024-10-17,7,NULL,513,2,147.24
754,71,1,23,2024-09-06,2,654,442,2,252.26
755,149,1,15,2024-03-02,7,318,76,3,99.66
756,179,2,22,2024-01-22,3,NULL,983,5,9.74
757,479,7,10,2024-09-18,9,NULL,237,4,58.38
758,261,8,6,2024-09-12,14,726,142,3,47.77
759,441,9,24,2024-03-21,12,704,907,3,96.45
760,54,6,18,2024-03-30,7,571,756,1,7.81
761,136,1,20,2024-01-09,3,614,257,3,136.06
762,65,10,14,2024-05-09,7,890,359,1,64.75
763,89,8,14,2024-10-16,10,NULL,505,5,201.23
764,428,3,27,2024-07-22,2,NULL,356,5,112.22
765,60,4,13,2024-01-12,14,343,484,2,60.83
766,153,5,7,2024-11-12,10,33,396,5,30.62
767,182,7,2,2024-04-22,7,785,285,1,59.07
768,381,1,2,2024-01-28,4,NULL,429,4,37.11
769,149,9,7,2024-08-09,6,428,785,4,94.42
770,491,10,1,2024-03-05,12,570,700,4,235.70
771,359,1,2,2024-02-11,7,NULL,702,1,29.49
772,495,7,12,2024-12-16,9,803,655,5,46.15
773,490,3,11,2024-12-06,10,951,646,2,209.78
774,109,3,18,2024-03-06,3,461,770,3,24.47
775,249,4,8,2024-03-24,6,896,861,4,117.97
776,282,10,9,2024-06-11,6,320,155,5,106.17
777,78,10,14,2024-05-15,7,387,489,2,260.82
778,265,1,17,2024-08-30,10,663,324,4,66.17
779,111,3,22,2024-10-10,11,897,878,4,47.32
780,95,6,29,2024-04-18,9,681,121,3,81.77
781,185,3,1,2024-06-04,1,949,665,3,74.47
782,277,2,29,2024-05-12,15,NULL,10,4,127.24
783,343,5,11,2024-04-16,7,715,1000,5,96.15
784,205,5,7,2024-08-03,5,NULL,968,3,105.61
785,387,4,8,2024-03-31,8,NULL,910,5,31.65
786,470,4,2,2024-02-29,10,NULL,661,1,130.63
787,354,4,15,2024-06-15,13,NULL,223,5,143.74
788,152,8,1,2024-09-27,10,NULL,877,3,105.47
789,124,6,3,2024-10-13,10,NULL,67,5,35.21
790,441,10,10,2024-08-13,2,NULL,378,4,42.70
791,379,10,11,2024-01-01,15,635,103,4,211.52
792,125,6,1,2024-05-25,15,24,390,5,46.10
793,218,10,12,2024-02-08,6,678,704,3,21.55
794,477,3,5,2024-02-15,3,159,168,2,62.20
795,235,9,3,2024-10-03,8,682,701,3,42.48
796,88,3,21,2024-09-20,8,909,39,3,62.28
797,338,4,28,2024-05-28,5,315,858,2,50.77
798,103,9,16,2024-02-04,14,21,18,1,18.10
799,191,10,15,2024-09-13,1,NULL,814,1,21.35
800,446,10,30,2024-02-07,9,55,612,5,109.64
801,243,1,17,2024-10-01,2,946,978,1,65.01
802,268,2,6,2024-05-21,7,NULL,383,1,30.75
803,173,2,28,2024-01-23,8,545,457,4,147.12
804,314,8,30,2024-08-31,5,247,296,4,179.42
805,243,2,2,2024-12-06,8,NULL,233,5,142.82
806,48,9,5,2024-01-30,15,922,923,5,146.41
807,461,10,5,2024-10-14,8,38,877,2,207.84
808,3,6,16,2024-02-02,14,847,956,2,106.68
809,305,3,20,2024-04-17,9,NULL,966,1,38.46
810,361,7,4,2024-08-25,14,536,378,2,56.03
811,401,5,23,2024-07-08,5,NULL,749,5,165.49
812,470,10,24,2024-03-09,9,695,632,1,28.85
813,190,5,28,2024-05-08,1,NULL,872,3,60.42
814,367,10,12,2024-03-26,15,838,738,1,193.71
815,91,4,12,2024-10-01,10,NULL,991,4,25.74
816,483,7,19,2024-11-27,11,NULL,441,3,181.37
817,184,6,22,2024-11-23,5,NULL,668,3,88.00
818,407,4,13,2024-01-04,12,NULL,916,1,127.31
819,268,9,15,2024-01-10,10,707,154,4,221.38
820,271,8,7,2024-10-05,3,166,239,4,172.60
821,175,6,23,2024-01-23,1,496,64,5,106.00
822,337,5,5,2024-06-12,12,556,33,3,72.92
823,22,9,11,2024-12-29,15,NULL,197,3,54.32
824,229,5,20,2024-12-28,1,841,640,4,57.51
825,135,4,26,2024-03-10,7,835,282,5,156.29
826,206,10,20,2024-05-20,14,532,282,5,62.77
827,266,8,5,2024-06-28,1,910,780,1,30.42
828,322,2,20,2024-11-18,8,NULL,218,5,144.24
829,206,3,2,2024-06-15,3,317,537,4,7.38
830,40,3,3,2024-07-26,10,284,120,4,95.42
831,44,6,8,2024-10-21,4,NULL,957,3,57.32
832,423,7,27,2024-05-11,3,943,674,3,156.27
833,443,1,21,2024-03-06,14,NULL,449,5,39.77
834,88,8,3,2024-03-26,14,NULL,872,3,48.54
835,204,8,22,2024-04-16,4,309,293,3,136.81
836,398,7,24,2024-01-06,11,663,618,1,184.21
837,274,1,20,2024-01-27,7,NULL,971,2,167.50
838,140,4,21,2024-06-19,5,716,198,5,108.94
839,60,8,19,2024-09-18,11,918,358,1,19.77
840,321,1,10,2024-06-11,4,NULL,112,4,215.37
841,233,5,30,2024-07-19,12,175,628,4,14.49
842,480,5,16,2024-02-18,2,770,158,3,51.06
843,44,10,12,2024-02-01,5,476,540,2,209.99
844,101,4,6,2024-10-15,7,NULL,623,4,158.58
845,294,5,17,2024-04-27,15,NULL,769,1,217.47
846,358,2,20,2024-10-03,13,NULL,87,4,33.27
847,266,10,1,2024-04-14,7,513,134,1,89.54
848,351,9,1,2024-08-04,14,NULL,449,4,74.20
849,353,10,20,2024-04-29,11,29,223,1,56.66
850,432,6,7,2024-05-09,3,3,939,4,177.24
851,64,7,28,2024-08-28,8,228,493,4,133.11
852,390,5,28,2024-03-22,6,844,639,4,25.42
853,6,10,17,2024-12-05,1,969,587,1,119.12
854,439,10,9,2024-06-11,6,861,487,5,136.18
855,485,5,5,2024-06-27,1,869,606,3,39.42
856,71,1,2,2024-12-04,8,NULL,154,3,51.25
857,227,3,28,2024-10-10,3,684,139,4,44.26
858,339,4,24,2024-10-28,12,567,708,5,43.50
859,19,7,2,2024-05-16,11,834,7,3,109.18
860,438,8,29,2024-08-30,7,289,115,4,72.11
861,278,3,26,2024-04-09,13,850,787,2,131.87
862,277,9,15,2024-11-17,15,400,193,4,82.96
863,339,8,23,2024-07-09,5,320,426,1,66.23
864,428,4,6,2024-10-18,8,638,139,4,28.93
865,427,1,27,2024-03-04,4,972,299,3,109.29
866,91,3,15,2024-10-23,9,915,955,1,37.89
867,356,7,1,2024-02-24,11,688,922,3,52.92
868,460,2,25,2024-10-16,8,578,886,4,228.30
869,242,5,26,2024-11-30,15,165,131,1,77.00
870,339,7,5,2024-11-17,14,NULL,22,2,58.68
871,185,10,25,2024-02-10,2,807,348,2,128.81
872,106,8,4,2024-05-19,8,843,760,2,26.88
873,334,6,29,2024-01-09,4,955,365,5,159.36
874,481,10,30,2024-12-16,13,622,781,1,47.95
875,148,10,27,2024-07-02,14,NULL,151,5,136.32
876,7,7,30,2024-02-09,9,160,58,5,244.08
877,66,9,19,2024-08-24,6,75,214,5,67.39
878,491,9,15,2024-09-30,5,230,482,4,52.84
879,392,10,13,2024-03-05,10,NULL,873,1,37.35
880,220,10,16,2024-08-17,10,392,192,4,44.32
881,400,9,3,2024-10-05,8,271,236,2,33.71
882,124,7,18,2024-12-09,15,NULL,470,4,61.11
883,242,9,18,2024-07-15,14,NULL,893,4,222.32
884,484,3,9,2024-09-11,10,547,462,4,211.40
885,14,8,28,2024-02-11,14,448,203,4,165.59
886,7,2,21,2024-01-01,15,NULL,813,5,253.68
887,33,5,1,2024-09-24,10,NULL,769,1,215.79
888,342,3,6,2024-03-04,5,497,204,3,20.03
889,402,3,29,2024-11-30,11,NULL,395,2,250.97
890,314,6,24,2024-04-27,4,838,221,3,77.32
891,232,4,7,2024-02-21,1,NULL,717,2,56.34
892,395,4,16,2024-06-20,12,102,48,5,122.51
893,157,3,11,2024-12-01,9,957,370,5,216.77
894,127,6,28,2024-12-02,14,728,606,5,75.52
895,109,7,15,2024-07-18,5,NULL,731,3,114.77
896,213,9,25,2024-07-26,7,962,455,2,136.10
897,469,5,18,2024-07-14,14,NULL,401,3,113.89
898,464,9,20,2024-08-26,4,28,46,1,104.87
899,487,3,3,2024-10-25,13,953,703,4,70.08
900,50,8,8,2024-03-06,2,707,511,3,184.02
901,246,9,19,2024-08-25,6,NULL,562,5,56.55
902,106,9,16,2024-02-02,14,357,157,4,20.13
903,259,5,28,2024-01-18,8,917,80,4,5.22
904,185,7,30,2024-01-18,5,773,871,1,130.69
905,342,5,1,2024-10-24,1,NULL,502,2,17.22
906,68,2,11,2024-04-23,8,85,897,2,81.64
907,188,3,5,2024-11-29,3,841,10,3,105.62
908,197,7,1,2024-02-25,11,558,360,1,63.10
909,429,5,15,2024-04-03,12,377,448,1,58.63
910,323,3,16,2024-09-08,14,633,750,5,16.44
911,218,7,5,2024-09-29,4,NULL,818,2,59.84
912,55,6,18,2024-03-25,6,596,562,1,126.78
913,343,5,11,2024-04-20,8,733,383,4,129.47
914,251,7,24,2024-11-28,4,183,808,3,24.97
915,104,1,22,2024-06-04,15,438,824,5,64.72
916,493,10,24,2024-02-19,5,311,447,2,67.20
917,94,2,1,2024-10-12,13,NULL,447,5,32.26
918,71,8,5,2024-08-01,8,853,283,5,78.36
919,244,8,14,2024-11-18,2,NULL,412,5,12.54
920,80,5,21,2024-01-25,5,1,831,1,90.40
921,248,10,2,2024-08-02,12,NULL,489,4,72.57
922,245,7,21,2024-06-23,6,824,971,2,25.51
923,153,10,24,2024-02-13,4,NULL,192,4,35.62
924,455,1,23,2024-07-01,4,439,326,2,34.41
925,122,3,11,2024-01-20,4,701,233,1,178.42
926,282,2,6,2024-05-16,6,731,16,5,47.04
927,451,9,24,2024-03-17,11,NULL,380,1,191.63
928,447,4,8,2024-01-11,7,139,429,4,68.08
929,432,6,7,2024-05-07,2,635,358,5,22.23
930,166,5,6,2024-09-06,13,NULL,560,5,44.87
931,297,10,5,2024-10-06,6,12,160,4,42.92
932,411,1,20,2024-03-03,14,483,285,5,5.45
933,308,7,19,2024-12-08,14,243,491,4,36.92
934,183,2,19,2024-08-20,6,NULL,61,5,28.12
935,113,2,28,2024-04-09,9,566,656,3,259.60
936,465,8,7,2024-08-24,10,640,925,4,125.71
937,352,8,22,2024-04-10,4,972,860,2,63.60
938,213,7,5,2024-09-11,1,188,774,2,15.63
939,38,10,16,2024-10-15,6,21,849,1,46.44
940,142,6,4,2024-10-20,10,NULL,394,2,172.57
941,336,7,13,2024-01-29,2,20,308,3,145.26
942,186,10,22,2024-08-14,15,484,149,2,5.72
943,468,1,19,2024-11-21,9,861,988,2,45.89
944,327,2,1,2024-07-26,12,791,947,2,210.81
945,306,10,1,2024-02-25,11,676,869,2,266.42
946,267,1,14,2024-02-27,8,NULL,96,4,97.42
947,289,6,1,2024-06-28,6,674,306,3,107.30
948,473,1,12,2024-11-08,2,NULL,732,2,55.02
949,245,1,28,2024-04-24,13,732,912,2,17.56
950,119,4,25,2024-03-22,10,437,794,4,152.33
951,125,5,16,2024-03-08,7,83,38,5,34.07
952,357,3,10,2024-09-25,11,332,805,1,125.30
953,364,9,7,2024-05-28,7,NULL,734,2,85.84
954,328,1,15,2024-03-17,9,92,1000,4,180.41
955,409,3,28,2024-09-25,15,669,851,2,155.09
956,91,10,12,2024-12-03,8,783,978,3,42.92
957,307,6,25,2024-06-23,15,589,93,4,79.31
958,146,5,18,2024-05-16,3,965,754,5,54.08
959,213,3,1,2024-04-20,7,611,858,3,81.70
960,451,9,21,2024-09-21,10,NULL,431,4,215.75
961,310,2,27,2024-12-30,5,982,153,5,145.65
962,283,8,3,2024-03-06,10,957,95,4,209.67
963,90,3,24,2024-01-26,1,NULL,798,1,223.68
964,463,1,14,2024-01-16,14,416,786,4,15.55
965,493,3,7,2024-05-27,6,679,752,4,92.71
966,72,8,13,2024-11-03,14,463,194,3,104.54
967,151,10,26,2024-06-17,11,795,410,4,29.21
968,57,2,10,2024-02-14,11,693,979,5,22.90
969,324,7,5,2024-11-03,12,762,530,2,16.70
970,338,2,23,2024-03-23,14,NULL,680,4,81.73
971,256,6,8,2024-08-07,4,130,550,2,49.33
972,422,3,22,2024-10-23,14,73,866,1,104.40
973,75,6,10,2024-12-20,14,541,419,3,9.56
974,485,7,18,2024-11-07,8,NULL,885,5,140.10
975,392,5,22,2024-05-28,13,NULL,368,5,79.11
976,407,9,19,2024-08-29,7,763,166,3,45.81
977,207,9,30,2024-05-26,1,NULL,851,2,90.68
978,340,8,19,2024-12-05,12,963,655,2,211.76
979,163,8,17,2024-08-28,10,766,456,5,125.78
980,476,7,10,2024-09-13,9,344,940,4,125.54
981,285,10,3,2024-06-25,4,304,764,5,50.72
982,328,9,10,2024-12-18,14,322,797,1,119.94
983,64,3,3,2024-08-10,12,NULL,140,1,219.83
984,366,5,28,2024-04-16,11,NULL,545,3,187.87
985,23,1,10,2024-04-15,8,746,777,4,149.67
986,36,7,8,2024-03-11,3,492,206,3,12.27
987,457,4,2,2024-03-01,11,NULL,453,3,120.67
988,244,1,23,2024-07-29,10,888,717,5,83.68
989,124,7,18,2024-12-14,15,411,831,5,56.75
990,468,1,19,2024-11-04,6,155,42,4,139.53
991,492,7,9,2024-06-18,8,NULL,521,4,35.55
992,462,2,2,2024-10-14,12,850,976,2,165.89
993,40,5,28,2024-05-06,15,439,244,5,88.48
994,359,10,17,2024-12-27,4,620,283,3,254.40
995,447,7,22,2024-06-23,5,NULL,33,2,37.91
996,205,9,29,2024-04-01,6,929,975,1,61.03
997,465,8,2,2024-12-12,9,598,782,1,65.66
998,154,2,24,2024-07-08,4,66,692,2,51.38
999,192,7,3,2024-06-22,2,597,405,2,52.71
1000,244,3,21,2024-09-09,7,970,704,4,259.22
